Maria;199300
Helena;127508
Anneli;125723
Johanna;112691
Kaarina;102534
Marjatta;94045
Hannele;86891
Kristiina;74493
Liisa;72600
Elina;64496
Emilia;64150
Annikki;62459
Tuulikki;60793
Maarit;57815
Susanna;56739
Sofia;54789
Leena;50194
Katariina;47413
Anna;46928
Sinikka;45797
Marja;45750
Inkeri;42986
Kyllikki;40001
Riitta;39971
Tuula;36051
Aino;35905
Anne;35241
Orvokki;34138
Päivi;34077
Ritva;34000
Tellervo;33591
Maija;32877
Pirjo;30741
Karoliina;29954
Pauliina;29819
Minna;29765
Irmeli;29630
Sari;29526
Eeva;29443
Tiina;27711
Pirkko;27228
Elisabet;26969
Laura;26892
Tarja;26598
Marika;26532
Anja;26189
Eveliina;25918
Satu;25201
Eila;25150
Seija;24759
Mari;24376
Hanna;24359
Marita;24205
Raija;23946
Heidi;23903
Sirpa;23769
Sisko;23562
Irene;23485
Annika;23215
Jaana;23081
Anita;23020
Sanna;22635
Eija;22207
Kirsi;21861
Marianne;21657
Merja;21251
Sirkka;21048
Ilona;20920
Katriina;20857
Julia;20852
Ulla;20780
Arja;20589
Terttu;20566
Paula;20125
Kaisa;20004
Marketta;19999
Marjaana;19667
Amanda;19584
Anni;19558
Tuulia;19305
Elisa;18964
Elisabeth;18946
Matilda;18462
Jenni;18012
Linnea;17840
Hilkka;17602
Kirsti;17166
Katja;17128
Mirjami;16965
Helmi;16912
Raili;16739
Heli;16736
Mirja;16288
Iida;16278
Nina;15873
Olivia;15803
Katri;15515
Emma;15408
Birgitta;15032
Anniina;15015
Aurora;14982
Maaria;14871
Kaija;14762
Sara;13913
Suvi;13862
Marjut;13611
Riikka;13538
Anu;13533
Ida;13529
Saara;13294
Tuija;13232
Kerttu;13029
Lea;12964
Irma;12875
Ella;12737
Irja;12714
Aila;12695
Aleksandra;12481
Niina;12479
Pia;12379
Leila;12216
Marja-Leena;11867
Kristina;11861
Marjo;11784
Noora;11647
Alexandra;11639
Tanja;11598
Margareta;11596
Aulikki;11507
Jenna;11497
Mirjam;11490
Henna;11350
Kati;11067
Hellevi;11063
Anna-Liisa;10894
Marja-Liisa;10874
Veera;10856
Lotta;10612
Maritta;10379
Outi;10274
Taina;10085
Elsa;10076
Aune;10010
Päivikki;9901
Mervi;9899
Elli;9886
Milla;9746
Helinä;9695
Emmi;9677
Ellen;9632
Virpi;9611
Miia;9603
Margit;9457
Erika;9227
Jonna;9208
Siiri;9126
Sini;9085
Alina;9014
Tiia;8990
Vilhelmiina;8861
Sonja;8840
Maire;8592
Venla;8465
Sanni;8115
Terhi;8010
Esteri;7882
Jasmin;7842
Aada;7833
Mia;7726
Martta;7668
Mira;7639
Josefiina;7612
Linda;7585
Vilma;7492
Oona;7397
Eliisa;7394
Aili;7378
Airi;7369
Teija;7365
Hillevi;7274
Roosa;7249
Carita;7101
Nea;7080
Helvi;7073
Essi;7011
Piia;6970
Christina;6834
Alisa;6795
Vuokko;6720
Taru;6708
Marjukka;6694
Lilja;6598
Krista;6571
Viivi;6516
Petra;6514
Annukka;6393
Iiris;6381
Tuuli;6308
Juulia;6218
Silja;6099
Marie;6066
Iina;6057
Eva;6051
Jenny;5995
Onerva;5991
Mikaela;5948
Toini;5928
Henriikka;5905
Salla;5847
Erja;5817
Viola;5793
Inka;5779
Susanne;5770
Riina;5625
Camilla;5589
Katarina;5533
Pinja;5529
Reetta;5474
Maija-Liisa;5439
Milja;5430
Sylvia;5415
Ester;5407
Elvi;5403
Aliisa;5390
Salme;5385
Alice;5183
Isabella;5115
Enni;5090
Meeri;4955
Soile;4948
Anitta;4936
Ronja;4936
Jessica;4856
Eerika;4853
Hilja;4813
Rauha;4807
Aira;4804
Lahja;4781
Elise;4775
Asta;4772
Meri;4761
Lyydia;4655
Taimi;4650
Laila;4631
Cecilia;4523
Elena;4492
Sirkka-Liisa;4471
Talvikki;4458
Auli;4407
Heleena;4373
Maaret;4324
Saana;4307
Kaisu;4245
Rauni;4241
Minttu;4212
Maiju;4131
Sylvi;4109
Janina;4064
Eira;4058
Armi;4020
Saija;3997
Eevi;3940
Amalia;3906
Irina;3892
Nelli;3855
Marina;3831
Heini;3826
Marianna;3822
Karin;3744
Ada;3714
Ingeborg;3705
Charlotta;3702
Sirkku;3673
Anette;3640
Olga;3627
Vieno;3605
Elviira;3590
Vappu;3565
Alli;3518
Tyyne;3485
Eliina;3458
Oili;3457
Maila;3397
Sanelma;3397
Eeva-Liisa;3384
Anna-Maija;3351
Pihla;3351
Hilma;3349
Birgit;3335
Matleena;3321
Alma;3288
Senja;3248
Nella;3220
Mirva;3220
Adele;3213
Josefina;3167
Minea;3138
Tytti;3137
Neea;3121
Jemina;3091
Joanna;3071
Lumi;3071
Iris;3068
Wilhelmiina;3067
Soili;3039
Janika;3023
Saimi;3012
Rosa;2994
Anelma;2979
Hilda;2976
Monica;2935
Aini;2818
Jutta;2811
Annina;2797
Janette;2787
Peppi;2787
Fanny;2759
Astrid;2749
Raakel;2685
Hilla;2669
Victoria;2664
Loviisa;2659
Saga;2646
Linnéa;2618
Elma;2618
Anne-Mari;2616
Tea;2609
Helmiina;2603
Regina;2597
Janita;2590
Eine;2572
Helka;2563
Teresa;2562
Piritta;2551
Natalia;2539
Kiia;2523
Karita;2499
Mirka;2485
Lempi;2451
Netta;2435
Inga;2407
Sandra;2395
Ulla-Maija;2385
Mona;2374
Virve;2340
Fanni;2334
Ingrid;2321
Anna-Maria;2296
Ulrika;2286
Unelma;2284
Daniela;2273
Gunilla;2273
Nora;2273
Aliina;2268
Saila;2263
Aija;2245
Margaretha;2236
Annele;2213
Helli;2194
Mila;2176
Aava;2161
Inari;2161
Louise;2161
Hellin;2134
Helga;2121
Senni;2081
Selma;2057
Lydia;2057
Rita;2052
Salli;2048
Hanne;2044
Lilli;2041
Vilja;2032
Christine;2028
Tuire;2024
Heta;2017
Taija;1997
Stella;1992
Solveig;1978
Laina;1974
Carola;1971
Brita;1958
Reeta;1945
Jade;1944
Carolina;1933
Wilma;1933
Vera;1928
Heljä;1924
Erica;1915
Eini;1907
Varpu;1903
Anastasia;1896
Vanessa;1891
Edith;1890
Carina;1890
Rebekka;1888
Lisa;1884
Monika;1882
Melissa;1861
Liina;1851
Isla;1850
Hertta;1849
Riitta-Liisa;1838
Reija;1835
Lyyli;1821
Mimosa;1801
Inger;1784
Elin;1781
Siviä;1773
Patricia;1759
Isabel;1754
Minja;1740
Susan;1739
Melina;1734
Karolina;1731
Sofie;1726
Marja-Terttu;1716
Lena;1710
Anna-Kaisa;1701
Kerstin;1686
Säde;1675
Henrietta;1673
Rakel;1673
Kia;1663
Elsi;1661
Moona;1654
Harriet;1646
Lilian;1635
Mirella;1635
Mariia;1631
Miina;1627
Sointu;1624
Charlotte;1613
Maisa;1611
Tuovi;1603
Titta;1599
Frida;1598
Janna;1594
Aura;1593
Marleena;1593
Saima;1591
Valpuri;1590
Pirita;1582
Viktoria;1581
Adalmiina;1573
Ingegerd;1543
Raisa;1534
Else;1522
Kaisla;1513
Helene;1504
Jasmine;1504
Mette;1485
Annette;1480
Stina;1477
Greta;1467
Jasmiina;1461
Berit;1452
Mariitta;1445
Ira;1444
Kirsi-Marja;1441
Tilda;1440
Ursula;1440
Selina;1436
Rebecca;1393
Anna-Mari;1392
Leea;1390
Tia;1389
Martina;1384
Wilhelmina;1381
Marja-Riitta;1381
Elvira;1374
Pilvi;1373
Benita;1373
Terhikki;1367
Miisa;1366
Hely;1363
Iisa;1353
Ninni;1352
Veronica;1352
Agneta;1348
Helen;1343
Mailis;1329
Kanerva;1320
Taika;1314
Ann-Mari;1310
Yvonne;1305
Barbro;1304
Vivian;1302
Hanna-Leena;1294
Bertta;1289
Maj-Britt;1275
Anna-Leena;1270
Hanna-Mari;1268
Amelia;1266
Beatrice;1254
Valma;1254
Kiira;1254
Raila;1248
Liisi;1247
Iines;1247
Henni;1246
Kaarin;1246
Anne-Maria;1235
Justiina;1235
Siv;1234
Lumia;1233
Henrika;1230
Siru;1222
Eleonoora;1218
Magdalena;1218
Fredrika;1199
Janica;1192
Eleonora;1179
Seela;1178
Edit;1177
Tina;1173
Lovisa;1168
Malin;1167
Gunvor;1166
Erin;1157
Pirkko-Liisa;1148
Diana;1147
Anne-Marie;1143
Elle;1141
Mea;1118
Thi;1114
Gunnel;1112
Marjo-Riitta;1107
Sarita;1105
Ann;1100
Madeleine;1095
Sohvi;1092
Caroline;1089
Kirsikka;1082
Suoma;1075
Juuli;1072
Virva;1060
Miranda;1060
Lina;1051
Paulina;1045
Maija-Leena;1043
Enna;1037
Mathilda;1037
Evelina;1032
Milka;1026
Vellamo;1023
Elizabeth;1021
Elna;1016
Michaela;1010
Sarah;1003
Vilhelmina;1002
Ruth;1001
Sanna-Mari;1000
Impi;997
Mariella;994
Iita;993
Tinja;986
Sabina;982
Peppiina;978
Riia;973
Serafiina;972
Annamari;969
Teresia;968
Saaga;968
Ilmi;965
Signe;964
Natalie;963
Margareetta;961
Valentina;958
Nanna;946
Mimmi;946
Maj-Lis;946
Gun;942
Svetlana;939
Ansa;939
Ebba;939
Amelie;936
Felicia;936
Marlene;921
Tessa;919
Lemmikki;916
Nadja;914
Maarika;912
Aida;911
Åsa;906
Kira;899
Doris;899
Ruut;894
Hanna-Kaisa;893
Margareeta;892
Auroora;891
Kerttuli;887
Ava;885
Isa;882
Annu;878
Adeliina;869
Katrina;867
Dagmar;856
Juliaana;851
Ellinoora;850
Nelly;850
Jatta;849
Miriam;847
Jennifer;845
Verna;845
Ines;839
Aamu;838
Stiina;836
Aurelia;836
Inna;836
Jessika;833
Kaino;826
Synnöve;826
Sophie;826
Lisbeth;825
Juliana;823
Nicole;821
Milena;821
Rea;818
Pipsa;815
Beata;811
Annastiina;811
Sofi;809
Micaela;807
Vanamo;802
Soilikki;800
Annikka;799
Britta;798
Julianna;798
Neela;791
Claudia;788
Tatjana;781
Ina;779
Fiona;775
Bettina;769
Silvia;769
Agnes;768
Nita;765
Sophia;764
Aina;759
Tatiana;758
Mary;756
Mohamed;753
Janni;753
Saini;751
Angelica;750
Veronika;747
Unna;745
Kielo;745
Mirkka;741
Kastehelmi;737
Emelie;735
Ida-Maria;728
Kukka-Maaria;727
Michelle;725
Ilse;717
Merita;716
Josefin;715
Minerva;715
Lilia;709
Luna;707
Christel;703
Jeanette;699
Lila;698
Nuppu;697
Alva;695
Maj;693
Melinda;691
Catharina;690
Kukka;690
Christa;688
Minni;688
Nathalie;687
Hanna-Maria;685
Jasmina;684
Ireene;680
Minka;679
Emily;674
Ann-Marie;672
Rosita;671
Tamara;669
Marju;664
Hellä;663
Josefine;662
Anne-Maj;661
Gabriella;660
Meea;657
Lucia;656
Eivor;656
Serafia;656
Andrea;654
Eeva-Maria;649
Pirjo-Riitta;649
Tove;647
Siri;646
Maya;644
Viveka;628
Viena;627
Therese;620
Eriika;620
Rebecka;619
Terese;618
Malla;616
Marian;613
Sarianna;611
Ritva-Liisa;611
Antonia;609
Jane;608
Larissa;604
Sigrid;601
Eedit;600
Emmiina;596
Ramona;596
Briitta;595
Anne-Maarit;592
Jenniina;591
Ria;589
Tara;586
Catarina;585
Rosanna;584
Inga-Lill;582
Emilie;580
Alicia;580
Edla;580
Jannika;579
Linn;577
Mariel;576
Svea;573
Anna-Sofia;573
Ekaterina;571
Märta;568
Cristina;567
Iida-Maria;566
Isabelle;566
Jelena;565
Marit;562
Ilta;561
Eija-Liisa;561
Magdaleena;556
Susann;554
Pirjo-Liisa;552
Henna-Riikka;551
Lenita;551
Alissa;548
Mariana;545
Siina;545
Eve;542
Augusta;542
Elmiina;540
Angelina;538
Sirja;537
Mai;536
Annemari;531
Rose;526
Ottilia;525
Selja;523
Adelina;522
Tua;521
Eeva-Maija;516
Kristine;511
Livia;508
Else-Maj;507
Galina;505
Soila;504
Gunhild;502
Ann-Christine;500
Sinna;500
Pernilla;497
Hulda;497
Maili;497
Fiia;496
Ingegärd;494
Sanna-Kaisa;492
Ulriikka;492
Lisbet;490
Viveca;489
Alise;489
Karina;487
Mari-Anne;484
Angela;483
Lemmitty;482
Kreetta;481
Sanna-Maria;480
Sani;477
Ulpu;477
Hanneli;476
Meiju;468
Lara;465
Marikki;465
Elea;464
Pamela;461
Ahmed;457
Milana;454
Liinu;453
Gretel;453
Kustaava;453
Roosa-Maria;453
Bea;452
Mariaana;452
Margaret;451
Teea;449
Lily;449
Serafina;446
Hannamari;446
Anna-Lisa;443
Yasmin;441
Silva;441
Ruusu;438
Margita;437
Hedvig;436
Aallotar;436
Ellinor;435
Annica;433
Lili;432
Göta;430
Ann-Christin;430
My;430
Petriina;429
Gun-Britt;429
Marissa;429
May;426
Assi;426
Aleksiina;425
Kreeta;420
Tuulevi;419
Riika;419
Hellen;419
Noomi;419
Sade;418
Cassandra;413
Angelika;412
Marjanne;412
Hillervo;411
Britt-Marie;408
Karla;405
Nana;404
Erna;401
Vivi;400
Klaudia;400
Lidia;399
Leeni;398
Henriika;397
Marica;396
Ilma;396
Lumikki;395
Maj-Len;393
Hanna-Maija;393
Mandi;391
Kirsi-Maria;391
Maja;391
Meri-Tuuli;389
Britt;389
Ragnhild;388
Catherine;388
Valborg;388
Mielikki;387
Ainikki;387
Mariann;387
Mirja-Liisa;386
Carmen;386
Rut;386
Leona;386
Ann-Sofi;385
Katharina;381
Nenna;380
Clara;380
Kamilla;379
Tiia-Maria;379
Moa;378
Raija-Liisa;377
Leena-Maija;377
Hannah;377
Jarna;376
Sarianne;374
Hilppa;371
Kristin;366
Ethel;366
Annie;365
Theresa;365
Hjördis;365
Katrin;365
Raita;364
Adelia;364
Alexsandra;363
Amina;363
Gertrud;362
Minna-Liisa;362
Jennika;361
Vaula;361
Ulriika;361
Miira;359
Samira;358
Lauriina;358
Laimi;356
Adéle;355
Bella;353
Aniitta;352
Iitu;349
Gerd;346
Mariela;345
Barbara;344
Margarita;342
Gabriela;340
Bianca;340
Lumina;338
Merituuli;338
Eriikka;337
Ali;336
Mariam;335
Ninja;334
Armiida;333
Anri;333
Ann-Sofie;333
Lilly;333
Evita;331
Annaliisa;330
Carla;330
Rosa-Maria;329
Kajsa;329
Sonia;329
Suvi-Tuuli;328
Sabrina;327
Eeva-Leena;327
Hildegard;326
Margetta;326
Fatima;325
Gunborg;325
Filippa;325
Susa;324
Arja-Liisa;323
Henriette;322
Eva-Maria;321
Jenina;320
Ann-Charlotte;320
Abdi;318
Desiree;318
Eeva-Riitta;318
Thea;317
Eeva-Kaisa;317
Etel;316
Sanja;316
Anna-Lena;316
Odessa;314
Evi;312
Ruusa;310
Maija-Riitta;310
Josephine;309
Marisa;309
Valeria;308
Anna-Kaarina;307
Louna;307
Melisa;306
Annabella;306
Natasha;304
Denise;302
Disa;302
Maini;301
Salla-Mari;300
Elmi;297
Jessi;295
Aino-Maria;295
Marke;295
Hellikki;295
Maikki;295
Hanna-Liisa;294
Pauline;293
Rose-Marie;292
Janniina;291
Seidi;291
Anna-Riitta;291
Hanna-Riikka;291
Klara;290
Kaija-Leena;289
Evelyn;288
Jadessa;288
Arla;288
Suvi-Tuulia;287
Annamaria;286
Marie-Louise;286
Esther;286
Anna-Riikka;285
Auri;285
Caroliina;284
Lillemor;284
Adina;284
Petronella;284
Miila;282
Jennie;282
Jannica;281
Eeva-Kaarina;280
Mariina;280
Arja-Leena;280
Hanni;279
Majlis;279
Naomi;279
Sofianna;279
Klaara;279
Theresia;277
Janet;277
Auni;275
Marietta;275
Jolanda;275
Elli-Noora;273
Malviina;273
Illusia;272
Karola;272
Ann-Kristin;271
Aisha;271
Hassan;271
Sirke;271
Gurli;270
Nette;270
Lia;267
Ylva;265
Salome;265
Estelle;264
Ninna;264
Tiiu;263
Karelia;262
Nadia;262
Ingalill;261
Marion;261
Adalmina;260
Alexia;260
Aino-Maija;260
Annakaisa;260
Tekla;260
Valdine;260
Judith;259
Sirpa-Liisa;259
Nancy;258
Usva;258
Sissi;258
Amira;255
Kaija-Liisa;255
Lyyti;255
Rosaliina;254
Gunnevi;254
Armida;254
Isabell;254
Meimi;253
Sally;252
Emelia;252
Minna-Maria;251
Pieta;251
Stephanie;250
Martha;249
Desiré;249
Helle;249
Rianna;249
Belinda;249
Liia;248
Ulrica;248
Freja;246
Simone;246
Solja;244
Alviina;244
Riitta-Leena;244
Maia;244
Annamaija;243
Dagny;242
Selena;242
Grace;242
Ann-Britt;242
Betty;241
Bernice;241
Sannamari;241
Clarissa;240
Melanie;240
Sanna-Maija;240
Gudrun;240
Anitra;239
Telma;238
Ann-Louise;238
Pirjetta;238
Dina;238
Margot;238
Ksenia;237
Ingela;237
Ulla-Riitta;237
Pia-Maria;237
Celina;236
Gerda;235
Minnea;235
Merja-Liisa;235
Bodil;235
Lotte;234
Eliisabet;233
Tilde;232
Vivan;232
Julie;231
Judit;229
Abdullahi;228
Pilvikki;228
Desirée;228
Emmy;227
Kim;227
Adolfiina;227
Malena;227
Lyydi;227
Heidi-Maria;226
Christin;226
Leni;226
Tinka;225
Meri-Tuulia;225
Anne-Maija;223
Nicola;223
Severiina;223
Zahra;222
Salma;222
Karen;221
Viliina;221
Antonina;221
Carin;220
Fia;220
Rachel;217
Ihanelma;217
Kristel;214
Sallamari;214
Maria-Liisa;214
Reea;214
Tia-Maria;213
Nanni;212
Noona;211
Satu-Maarit;211
Tarleena;210
Eden;209
Sanna-Leena;209
Anastacia;209
Juliet;208
Minna-Mari;208
Eija-Riitta;205
Marta;205
Ilmatar;204
Seliina;204
Anni-Maria;204
Venny;203
Sina;203
Marjaleena;203
Ulla-Britt;202
Suvituuli;201
Adriana;201
Piitu;201
Inga-Britt;200
Alessia;200
Larisa;200
Katinka;200
Milma;199
Mercedes;199
Hille;199
Crista;199
Annaleena;199
Ella-Maria;198
Cindy;198
Ani;197
Tindra;197
Manta;197
Santra;196
Estella;196
Anne-Marja;195
Riitta-Maija;194
Daria;193
Iia;193
Ngoc;192
Katerina;191
Maryam;191
Kiti;190
Yasmine;190
Alessandra;189
Alla;189
Märtha;189
Leonora;189
Saskia;189
Suvi-Päivikki;188
Sabine;188
Hilpi;188
Amy;188
Myy;187
Jasmi;187
Katri-Helena;186
Juliette;186
Nicolina;186
Ann-Maj;185
Jana;185
Bettiina;185
Thuy;184
Tanya;184
Ida-Sofia;184
Daniella;184
Tatjaana;183
Rosalia;183
Sienna;183
Markit;182
Esmeralda;182
Evelin;182
Kaisa-Leena;181
Saida;181
Vadelma;180
Merike;179
Marija;178
Molly;177
Dolores;176
Nadezda;176
Lisen;176
Estrid;175
Annabel;175
Iira;175
Thelma;175
Ljudmila;174
Adessa;174
Mimi;174
Maria-Leena;174
Sarlotta;173
Tiitu;173
Milaja;173
Sanna-Liisa;173
Tarja-Leena;173
Serena;173
Tiina-Liisa;173
Jenita;172
Raija-Leena;171
Thanh;171
Beda;171
Sesilia;171
Cia;170
Eva-Liisa;170
Britt-Mari;170
Eleanor;170
Tyyni;169
Hannaleena;168
Eelin;168
Ana;168
Mariette;167
Lisette;167
Ranja;167
Pirjo-Leena;166
Henna-Maria;166
Liv;166
Rina;165
Ragni;164
Ia;164
Nia;164
Mia-Maria;163
Mei;163
Inge;163
Jekaterina;163
Matintytär;163
Elsie;162
Marinka;162
Tania;162
Li;162
Hildur;162
Katherine;161
Mina;161
Thu;161
Hilkka-Liisa;161
Eevastiina;161
Ann-Lis;160
Pepita;159
Sara-Sofia;159
Liudmila;159
Jennica;159
Desire;159
Viia;159
Kaisa-Maria;159
Maari;158
Pulmu;158
Anna-Stina;158
Eufemia;158
Pälvi;157
Dorrit;156
Tuisku;156
Elissa;156
Miia-Maria;155
Marjaliisa;155
Cornelia;154
Tarja-Liisa;154
Marikka;154
Gisela;153
Enne;152
Vilina;152
Aino-Kaisa;152
Mirette;152
Elida;152
Helén;152
Laura-Maria;152
Ellida;152
Wenla;151
Salla-Maria;151
Eedla;151
Irinja;151
Nellie;151
Ariel;150
Jannina;150
Kaneli;150
Anna-Elina;150
Samantha;150
Milla-Maria;150
Marilla;150
Katrine;149
Aniita;149
Kastanja;149
Kata;149
Runa;148
Merika;148
Dorothea;148
Lauha;148
Sivi;148
Francesca;148
Jenni-Maria;148
Tiia-Mari;148
Tiina-Maija;147
Virginia;147
Alexa;147
Janiina;147
Anna-Reetta;146
Christiina;145
Nina-Maria;145
Miitta;145
Inge-Maj;145
Niia;145
Jennina;145
Antintytär;144
Renja;144
Leena-Kaisa;144
Joy;143
Anna-Kristiina;143
Albertiina;143
Elice;143
Hanne-Mari;143
Cilla;143
Mari-Ann;142
Anna-Marja;142
Moonika;142
Marja-Sisko;142
Ulla-Maj;141
Raakeli;141
Saara-Maria;141
Lola;141
Dora;141
Marttiina;140
Therése;140
Daisy;140
Elizaveta;140
Rosalie;140
Ulla-Maria;140
Gun-Maj;139
Mohamud;139
Agda;138
Alfhild;138
Maj-Gret;138
Iréne;138
Mari-Anna;138
Milda;137
Linne;137
Liisa-Maria;137
Marjetta;136
Omar;136
Eeva-Marja;135
Timontytär;135
Cesilia;135
Peppina;135
Antoinette;135
Nikita;135
Anna-Emilia;134
Annelie;134
Ilana;134
Hussein;133
Liana;133
Marielle;133
Seija-Liisa;133
Aletta;133
Nilla;133
Riikka-Liisa;133
Madelene;132
Seelia;132
Alinda;132
Xenia;132
Maud;132
Ensi;132
Emeliina;131
Ariana;131
Fadumo;131
Onneli;131
Anja-Riitta;131
Dana;131
Ritva-Leena;130
Suzanne;130
Annariina;130
Polina;130
Isadora;130
Inez;130
Iida-Sofia;130
Celine;130
Adela;130
Amélie;130
Maarita;129
Jemiina;129
Janessa;129
Juhantytär;129
Greetta;129
Majvor;129
Sylva;129
Tuike;128
Suvi-Maria;128
Ringa;128
Suometar;128
Linda-Maria;128
Satu-Maria;127
Neelia;127
Anceliga;127
Marlena;126
Phuong;126
Lillian;126
Eleanora;126
Tiina-Maria;126
Enja;126
Irena;126
Darja;126
Lee;126
Pirre;125
Malva;125
Alvina;125
Yrsa;125
Luisa;125
Mareena;124
Nanny;124
Danielle;124
Nonna;124
Anh;124
Alida;124
Hilve;123
Selene;123
Ibrahim;123
Ann-Katrin;123
Kaisa-Liisa;122
Norma;122
Safia;122
Nadine;122
Ros-Mari;122
Fiina;122
Kitty;122
Henna-Mari;121
Pirkitta;121
Kate;121
Nona;121
Iman;121
Heloisa;121
Senna;121
Abigail;121
Ofelia;121
Fredriika;120
Henrica;120
Ludmila;120
Ewa;120
Annastina;120
Anna-Maaria;119
Freya;119
Mikontytär;119
Tiina-Mari;119
Nanette;119
Raini;118
Rhea;118
Vivi-Ann;118
Lynn;118
Marlen;118
Halla;118
Vivia;118
Maijastiina;118
Tilma;118
Rigmor;117
Rauna;117
Emiilia;117
Ghita;117
Ona;117
Abdirahman;117
Henny;117
Louisa;117
Fransiina;116
Carolin;116
Helly;116
Anna-Stiina;116
Nelma;116
Gun-Lis;116
Tyra;116
Manuela;116
Rose-Maj;115
Peggy;115
Mirikli;115
Merja-Riitta;115
Liliana;114
Ruska;114
Nitta;114
Lioudmila;114
Lumikukka;114
Urpu;114
Mariita;113
Safira;113
Tuula-Maija;113
Lise;113
Sallamaari;113
Hedda;113
Monna;113
Denice;113
Mirja-Leena;112
Aline;112
Dorotea;112
Marja-Helena;112
Linea;112
Sarina;111
Sari-Anne;111
Charlott;111
Vilmiina;111
Anna-Karin;111
Sirje;111
Mary-Ann;110
Keiju;110
Jetta;110
Sharon;110
Ea;110
Eimi;110
Ulla-Mari;109
Lulu;109
Hong;109
Abdulkadir;109
Marguerite;109
Alyssa;109
Marjanna;108
Riikka-Maria;108
Rafaela;108
Menni;108
Oosa;108
Evelia;108
Evgenia;108
Ulla-Marja;108
Anisa;108
Nur;107
Albertina;107
Anja-Liisa;107
Yulia;107
Jasmiini;107
Natalja;107
Tiuku;107
Paola;107
Nova;106
Celia;106
Maritza;106
Oxana;106
Friida;106
Kiara;106
Sera;106
Katjaana;106
Berta;106
Eugenia;106
Emili;106
Arja-Riitta;106
Emilja;105
Ainu;105
Juni;105
Rinna;105
Rosina;105
Anna-Katariina;105
Anne-Riitta;105
Paloma;105
Elinor;105
Violetta;105
Eufrosyne;105
Irja-Liisa;104
Irmelin;104
Hagar;104
Merete;104
Oksana;104
Hennariikka;104
Tutta;104
Manda;104
Catrin;104
Renata;103
Janine;103
Catrine;103
Gunn-Britt;103
Gunn;103
Adeline;103
Gloria;103
Mirelle;103
Engla;103
Zainab;102
Eija-Leena;102
Adalia;102
Vendela;102
Ann-Charlott;102
Maura;102
Sira;102
Alena;102
Liselott;102
Edna;102
Ellie;102
Leah;101
Emma-Sofia;101
Zaida;101
Peppi-Lotta;101
Akuliina;101
Priscilla;101
Farah;101
Aurinko;100
Nanne;100
Eliise;100
Annmari;99
Ljubov;99
Fredriikka;99
Henniina;99
Ottiilia;99
Yolanda;99
Pirketta;99
Anni-Sofia;99
Rilla;99
Stefanie;99
Salla-Maaria;98
Heikintytär;98
Tatja;98
Carmela;98
Jeannette;98
Florence;98
Hanna-Riitta;98
Claire;98
Kaur;98
Mohammed;98
Sonya;98
Anneka;98
Sole;98
Anna-Greta;97
Gunda;97
Sulevi;97
Ristiina;97
Anika;97
Paju;97
Lyylikki;97
Caterina;97
Selinda;97
Elly;97
Sara-Maria;97
Yusuf;96
Janetta;96
Margitta;96
Kirsimarja;96
Mathilde;96
Eliana;96
Toivikki;96
Anni-Mari;95
Tita;95
Noelle;95
Leyla;95
Margareth;95
Arianna;95
Sini-Tuulia;95
Leia;94
Casandra;94
Unnukka;94
Vendla;94
Nadejda;94
Violet;93
Taiga;93
Amal;93
Emerentia;93
Aleksia;93
Muisto;93
Meira;93
Sinja;93
Terja;93
Hinni;93
Linh;93
Mahamed;93
Sini-Maria;93
Mianna;92
Elliina;92
Karoline;92
Ainamo;92
Jamina;92
Zara;92
Cathrine;92
Minnamari;92
Sanna-Maarit;91
Joan;91
Emmi-Lotta;91
Merit;91
Lotta-Maria;91
Liida;91
Kirsi-Maarit;91
Tianna;91
Kaari;91
Minttu-Maaria;90
Marja-Kaarina;90
Päivyt;90
Rania;90
Jean;90
Mainikki;90
Eleni;90
Kaisa-Mari;90
Anne-Kristiina;90
Hannakaisa;89
Arina;89
Tuyet;89
Lise-Lotte;89
Celeste;89
Jarintytär;89
Milli;89
Minna-Maarit;89
Mildred;89
Corinne;89
Julina;89
Opri;89
Sahra;89
Emma-Lotta;89
Raina;88
Minna-Leena;88
Kathleen;88
Renate;88
Vanilla;88
Anina;88
Verona;88
Zeinab;88
Vivika;88
Gitta;88
Helkky;88
Tarita;88
Hilde;87
Evy;87
Hannuntytär;87
Yasemin;87
Annuli;87
Marje;87
Fatma;87
Anne-Marita;87
Tuula-Marja;87
Minna-Riitta;86
Serafiia;86
Liselotte;86
Marena;86
Lauren;86
Mona-Lisa;86
Kukka-Maria;86
Sella;86
Jenna-Maria;86
Nessa;86
Merja-Leena;86
Suvi-Maaria;85
Minda;85
Eea;85
Tii;85
Arita;85
Savannah;85
Miranna;85
Tiina-Riitta;85
Minttu-Maria;85
Julietta;84
Mataleena;84
Jill;84
Oma;84
Hele;84
Julianne;84
Tuuliina;84
Jacqueline;84
Vella;84
Nada;84
Maret;83
Emine;83
Natali;83
Justina;83
Juudit;83
Toive;83
Soraja;83
Jemima;82
Arlene;82
Chiara;82
Zoe;82
Satu-Marja;82
Anna-Karoliina;82
Marja-Kaisa;82
Hymy;82
Elif;82
Ann-Helen;82
Henriina;82
Aicha;82
Karintytär;82
Pirkko-Leena;82
Sorella;81
Eliisi;81
Sirkka-Leena;81
Chloe;81
Gabrielle;81
Jukantytär;81
Cajsa;81
Eevaliisa;81
Lucy;81
Mitra;81
Manna;81
Pirta;81
Hanna-Reetta;81
Terttu-Liisa;81
Unni;81
Alisia;80
Tora;80
Gina;80
Cristiina;80
Eveline;80
Anne-May;80
Heléne;80
Margarethe;80
Eeva-Stiina;80
Anna-Helena;79
Liubov;79
Donna;79
Miili;79
Mirkku;79
Meliina;79
Mikantytär;79
Kaija-Riitta;79
Sorja;79
Etta;79
Suzan;79
Sunna;79
Merina;79
Gitte;79
Pricilla;79
Oivi;79
Iina-Maria;79
Viva;79
Aliisi;78
Sol-Britt;78
Kiana;78
Satu-Maaria;78
Clary;78
Minna-Kaisa;78
Ann-Catrin;78
Signhild;78
Laine;78
Ulpukka;78
Valerie;78
Angelique;77
Alexandria;77
Görel;77
Minella;77
Wera;77
Vanilja;77
Anna-Lotta;77
Gustava;77
Edita;77
Gunlög;77
Tuomikki;76
Thao;76
Emina;76
Salla-Maarit;76
Valvikki;76
Reine;76
Beeda;76
Adolfina;76
Angel;76
Alessa;76
Minette;76
Meja;76
Marléne;75
Anetta;75
Tuuli-Maria;75
Ingemo;75
Marinella;75
Anmari;75
Deborah;75
Enya;75
Constance;75
Huong;75
Angervo;75
Nea-Maria;75
Melek;74
Simona;74
Flora;74
Meija;74
Aino-Liisa;74
Tiina-Kaisa;74
Frances;74
Maijaliisa;74
Hani;74
Eva-Stina;74
Eerin;74
Khadija;74
Viviana;73
Eva-Lisa;73
Anni-Kaisa;73
Sofiia;73
Jenika;73
Liisa-Maija;73
Aino-Sofia;73
Maleena;73
Tähti;73
Kirsten;73
Jenni-Mari;73
Hafsa;73
Raakkel;72
Joanne;72
Eliza;72
Elaine;72
Sarika;72
Agatha;72
Silla;72
Irma-Liisa;72
Pii;72
Ayan;72
Ha;71
Line;71
Kariina;71
Ronya;71
Eleanoora;71
Tarina;71
Sanna-Riikka;71
Kirsi-Mari;71
Tiiti;71
Niina-Maria;71
Niini;71
Alexina;71
Sumaya;71
Helin;71
Osman;70
Riitu;70
Anki;70
Anu-Riikka;70
Izabella;70
Elli-Maria;70
Odette;70
Sirena;70
Magda;70
Sini-Maaria;70
Marjo-Liisa;70
Jeanne;70
Kamomilla;70
Asma;70
Rosalina;70
Venni;70
Aleksandrovna;70
Ariela;70
Etti;70
Said;70
Melita;70
Brigitte;70
Hetti;70
Lise-Lott;70
Mae;70
Soraya;70
Ros-Marie;70
Anna-Riina;69
Asteri;69
Cristine;69
Kersti;69
Miida;69
Aleksantra;69
Lene;69
Leena-Maria;69
Vivianne;69
Suleima;69
Leena-Marja;69
Yasmina;69
Birit;69
Renée;69
Minh;69
Inka-Maria;69
Maren;68
Una;68
Aliise;68
Katia;68
Riina-Maria;68
Le;68
Jamila;68
Melody;68
Annimari;68
Priitta;68
Naimi;68
Cara;68
Gia;68
Andréa;68
Annemarie;68
Serina;68
Aino-Elina;67
Merituulia;67
Trang;67
Jonna-Maria;67
Elli-Maija;67
Noora-Maria;67
Meritta;67
Helmi-Maria;67
Emmi-Sofia;67
Eeva-Mari;67
Nelle;67
June;67
Lova;66
Maileena;66
Thyra;66
Birkitta;66
Vivianna;66
Agata;66
Eela;66
Jessina;66
Maritsa;66
Matilde;66
Asha;66
Jannike;66
Mella;66
Miona;65
Pekantytär;65
Tiila;65
Halima;65
Vienna;65
Noor;65
Sanne;65
Anna-Maarit;65
Meerit;65
Savanna;65
Katarine;65
Villiina;65
Torborg;65
Dalia;65
Greeta;65
Maryan;64
Kaisli;64
Marjo-Riikka;64
Hamdi;64
Soja;64
Sikuriina;64
Vladimirovna;64
Aleksina;64
Juanita;64
Katri-Maria;64
Annaliina;64
Anuliina;64
Mi;64
Kaiju;64
Hanna-Maaria;64
Vanja;64
Ullamaija;64
Iiri;63
Catalina;63
Eleonor;63
Silpa;63
Taava;63
Rosalinda;63
Seija-Riitta;63
Dolly;63
Sipriina;63
Lilianna;63
Hanna-Maarit;63
Hodan;63
Lan;63
Milla-Maaria;63
Eloisa;62
Ulla-Stina;62
Nemi;62
Minna-Maaria;62
Eva-Lotta;62
Hélène;62
Lolan;62
Kylli;62
Siiri-Sofia;62
Mildrid;62
Valentiina;62
Nhi;62
Varma;62
Anneliina;62
Jenica;62
Anna-Katriina;62
Adella;62
Eda;62
Juulianna;62
Sarri;62
Liidia;62
Muusa;62
Leonie;62
Milla-Mari;62
Wanda;61
Tarja-Riitta;61
Ying;61
Veera-Maria;61
Solbritt;61
Chatarina;61
Sievä;61
Pelagia;61
Leija;61
Minessa;61
Nathalia;61
Jenna-Mari;61
Annariikka;61
Marjana;61
Onnia;61
Miljaana;61
Malvina;61
Angeliina;61
Meryem;61
Satu-Sinikka;61
Neve;61
Suvi-Päivi;61
Pirja;60
Adelaide;60
Leanna;60
Liisu;60
Tehilla;60
Misa;60
Ella-Noora;60
Stefania;60
Esra;60
Sanniina;60
Martiina;60
Miia-Mari;60
Chantal;60
May-Britt;60
Liza;60
Tiffany;60
Mari-Johanna;59
Maare;59
Aana;59
Kikka;59
Anni-Elina;59
Mindi;59
Lana;59
Mariatta;59
Jama;59
Kelly;59
Kitta;59
Gea;59
Kateriina;59
Margarete;59
Pia-Liisa;59
Ulla-Riikka;59
Juli;59
Erja-Liisa;59
Tanita;59
Theodora;59
Tuula-Riitta;59
Anna-Kaija;59
Aivi;59
Silmu;58
Anni-Maija;58
Anu-Maarit;58
Riikka-Leena;58
Uma;58
Eerica;58
Manja;58
Marine;58
Ancela;58
Nimo;58
Titti;58
Ismail;58
Adèle;58
Kirsti-Liisa;58
Renee;58
Viktoriina;58
Anastassia;58
Ella-Mari;58
Tarja-Tuulikki;58
Karenina;58
Katja-Maria;58
Tonja;58
Corinna;58
Debora;58
Emmaliina;58
Franziska;58
Sue;58
Anya;58
Brianna;58
Suvi-Marja;58
Birgetta;58
Sheila;57
Päivänsäde;57
Sisko-Liisa;57
Weera;57
Jessiina;57
Elanor;57
Mai-Lis;57
Freija;57
Varvara;57
Van;57
Miilia;57
Huda;57
Venja;57
Kristella;57
Heinikki;57
Maija-Kaisa;57
Yen;57
Daalia;57
Käthe;57
Kaisa-Maija;57
Tova;57
Elliida;57
Naima;57
Anastasija;57
Arintytär;57
Kaisu-Leena;56
Siro;56
Soma;56
Tuua;56
Bertha;56
Eleena;56
Tiana;56
Immi;56
Madelein;56
Delila;56
Arna;56
Helpi;56
María;56
Hilla-Maria;56
Minna-Maija;56
Alica;56
Mariikka;55
Sari-Anna;55
Markontytär;55
Fredrica;55
Menna;55
Gundel;55
Aisla;55
Lioubov;55
Emmi-Maria;55
Vivien;55
Keijukka;55
Ella-Sofia;55
Ellinora;54
Mimmu;54
Aada-Maria;54
Priita;54
Georgina;54
Hannamaria;54
Ingvor;54
Anu-Maria;54
Ida-Lotta;54
Marjo-Leena;54
Riitta-Sisko;54
Désirée;54
Penni;54
Ruby;54
Hanne-Maria;54
Eevamaria;54
Del;54
Petrintytär;54
Laura-Kaisa;54
Eline;54
Tiitta;54
Marwa;54
Diane;53
Maaretta;53
Anne-Liisa;53
Anna-Reeta;53
Tuva;53
Madeline;53
Janella;53
Dorothy;53
Eevaleena;53
Gunlis;53
Birgitte;53
Riikka-Mari;52
Mili;52
Roza;52
Sigbritt;52
Marjorie;52
Megan;52
Ainomaija;52
Susana;52
Tuija-Liisa;52
Nasti;52
Maaren;52
Scarlett;52
Isra;52
Rae;52
Minéa;52
Luise;52
Alia;52
Ada-Sofia;52
Elmiira;52
Abdirashid;52
Veea;52
Tuomi;52
Layla;52
Adanna;52
Desireé;52
Markareetta;52
Essi-Maria;52
Sanni-Maria;52
Saana-Maria;51
Nelli-Noora;51
Tinna;51
Ann-Maria;51
Maissi;51
Kukkamaaria;51
Rosemarie;51
Elsa-Maria;51
Albina;51
Marla;51
Emilla;51
Pihlaja;51
Ami;51
Beatriz;51
Christiane;51
Jussintytär;51
Raakkeli;51
Edda;51
Safiya;51
Faina;51
Madelen;51
Taisia;51
Marjaterttu;51
Teodora;51
Villentytär;51
Marilyn;50
Ellanoora;50
Elvina;50
Nhu;50
Annami;50
Madelaine;50
Carol;50
Awa;50
Vivica;50
Ida-Emilia;50
Amilia;50
Gunni;50
Inessa;50
Eeva-Kristiina;50
Sanni-Mari;50
Heldine;50
Celinda;50
Sirkku-Liisa;50
Ciara;49
Sofiina;49
Reetta-Liisa;49
Eva-Marie;49
Tuula-Anneli;49
Lin;49
Najma;49
Lizette;49
Valpu;49
Ayla;49
Penelope;49
Anna-Katri;49
Irkka;49
Pia-Mari;49
Hope;49
Maryama;49
Outi-Maria;49
Markuntytär;49
Beada;49
Britt-Louise;49
Darling;49
Quynh;49
Rosanne;49
Ancelika;49
Fiinu;48
Anne-Charlotte;48
Medina;48
Merle;48
Joana;48
Mariama;48
Amalie;48
Peppilotta;48
Zinaida;48
Milia;48
Anett;48
Ulla-Brita;48
Helfrid;48
Sanna-Maaria;48
Otteliaana;48
Lilla;48
Viona;48
Terése;48
Adaliina;48
Jada;48
Nika;48
Sannakaisa;48
Kristen;48
Mesi;48
Aimi;48
Ainomaria;48
Ailakki;48
Aire;48
Tuuni;48
Johanne;48
Gita;48
Emelina;48
Joyce;48
Sävy;48
Lianna;47
Siw;47
Jenny-Maria;47
Shukri;47
Viviann;47
Aylin;47
April;47
Demi;47
Mare;47
Katju;47
Janiika;47
Jonna-Mari;47
Vesta;47
Bich;47
Sahar;47
Lisa-Maria;47
Velma;47
Tella;47
Ninette;47
Oona-Maria;47
Roosa-Maaria;47
Dea;47
Taira;47
Henriksdotter;47
Heini-Maria;47
Elisi;47
Arnevi;47
Jenna-Julia;46
Aya;46
Ashley;46
Hannamaija;46
Noelia;46
Linéa;46
Ada-Maria;46
Halimo;46
Seita;46
Metta;46
Anja-Leena;46
Alba;46
Khadra;46
Dahlia;46
Karolin;46
Shirin;46
Ayaan;46
Anne-Marjut;45
Maxine;45
Vineta;45
Marcella;45
Ninnu;45
Saara-Maija;45
Marget;45
Lydmila;45
Henna-Leena;45
Alison;45
Roberta;45
Alejandra;45
Melis;45
Neilikka;45
Inge-Britt;45
Alfrida;45
Mariza;45
Gunbritt;45
Heili;45
Nelia;45
Malak;45
Hanan;45
Junia;45
Piia-Maria;45
Beea;45
Eija-Sinikka;45
Niki;45
Mindy;45
Eileen;45
Wendy;44
Eja;44
Jaakontytär;44
Vega;44
Minne;44
Aula;44
Sissel;44
Verena;44
Dorita;44
Riitta-Kaisa;44
Sargit;44
Eedith;44
Suna;44
Else-May;44
Indira;44
Aino-Inkeri;44
Liila;44
Wiola;44
Evin;44
Dania;44
Snöfrid;44
Vida;44
Yan;44
Evena;44
Jinna;44
Elsbeth;44
Ulla-Leena;44
Anniliina;44
Emma-Maria;44
Marja-Elina;44
Mirabella;44
Frideborg;44
Tupuna;44
Tuutikki;44
Jeni;44
Anjuska;43
Natascha;43
Sinella;43
Anissa;43
Mariko;43
Hanna-Elina;43
Lida;43
Nga;43
Minna-Riikka;43
Aslög;43
Delia;43
Briita;43
Henna-Kaisa;43
Ellamari;43
Janice;43
Vilma-Lotta;43
Chelsea;43
Ayse;43
Kesia;43
Monique;43
Noa;43
Berfin;43
Mikaelsdotter;43
Veela;43
Repekka;43
Kirsi-Maaria;43
Hoang;43
Ailikki;43
Sibel;43
Anne-Christine;43
Milja-Maria;43
Zoja;43
Gunveig;43
Ania;43
Rahma;43
Muru;42
Lotten;42
Fransilia;42
Sini-Tuuli;42
Wiivi;42
Esma;42
Michele;42
Uni;42
Anni-Emilia;42
Annimaria;42
Metti;42
Camille;42
Aden;42
Rosemary;42
Lolita;42
Mia-Mari;42
Olena;42
Alfa;42
Kay;42
Kea;42
Wilda;42
Enia;42
Aniela;42
Odelia;42
Agnete;42
Leena-Kaarina;42
Krista-Maria;42
Mary-Anne;42
Miska;42
Wellamo;42
Esteriina;42
Gladys;42
Ailiina;42
Rinja;42
Kaiho;42
Katie;42
Mira-Maria;42
Zeynep;42
Anne-Kaarina;42
Chloé;42
Satu-Sisko;42
Tiia-Riikka;42
Mairit;42
Karpalo;42
Senia;42
Carlotta;42
Fransiska;41
Tuija-Leena;41
Maija-Stiina;41
Audrey;41
Marlén;41
Julija;41
Miia-Marika;41
Sari-Maarit;41
Harrintytär;41
Hanna-Marja;41
Saara-Liisa;41
Abukar;41
Meh;41
Mairi;41
Sirpa-Leena;41
Pia-Riitta;41
Marge;41
Ulla-Kaisa;41
Viktorina;41
Jaanika;41
Tiina-Marja;41
Eili;41
Katjuska;41
Mariah;41
Ifrah;41
Abdirizak;41
Milea;41
Vilda;41
Idamaria;41
Noemi;41
Merette;40
Margaretta;40
Marja-Kristiina;40
Anu-Liisa;40
Maria-Helena;40
Ragnborg;40
Lisa-Marie;40
Mari-Leena;40
Faith;40
Jael;40
Hetta;40
Tuulianna;40
Beate;40
Matlena;40
Majlen;40
Hannaliisa;40
Iida-Emilia;40
Eleonore;40
Ella-Maija;40
Mari-Louise;40
Sadetta;40
Sickan;40
Jannentytär;40
Kerttu-Liisa;40
Helianna;40
Adan;40
Ling;40
Kuura;40
Mirja-Riitta;40
Erja-Riitta;40
Tyyra;40
Vy;40
Tiia-Riina;40
Malou;40
Telle;39
Sini-Maarit;39
Leena-Mari;39
Helky;39
Marjoriitta;39
Camila;39
Vesantytär;39
Henna-Maija;39
Saara-Kaisa;39
Talvi;39
Pia-Kristiina;39
Gun-May;39
Hoa;39
Inga-Liisa;39
Eetla;39
Svanhild;39
Sanni-Sofia;39
Eva-Maija;39
Einikki;39
Pi;39
Violeta;39
Emmelie;39
Josefia;39
Iida-Lotta;39
Sini-Marja;39
Kirta;39
Eija-Inkeri;39
Pomeliina;39
Athena;39
Gun-Marie;39
Emma-Kaisa;39
Veena;39
Iida-Maija;39
Annabelle;39
Miija;39
Madicken;39
Beatrix;39
Anni-Leena;39
Hang;39
Eena;39
Nan;38
Ciia;38
Oline;38
Mertta;38
Brenda;38
Hawa;38
Adna;38
Malika;38
Bashir;38
Frederika;38
Minnie;38
Tiia-Tuulia;38
Melida;38
Kaste-Helmi;38
Ditte;38
Suvi-Tuulikki;38
Bao;38
Onna;38
Erja-Leena;38
Apollonia;38
Nour;38
Tam;38
Rode;38
Zahraa;38
Enneli;38
Saija-Leena;38
Hilkka-Maija;38
Nasra;38
Andersdotter;38
Carolyn;38
Viivi-Maria;38
Tuuli-Maaria;38
Iida-Liisa;38
Hana;38
Roosa-Mari;38
Kayla;38
Sundus;38
Jasna;38
Nenne;38
Marjuska;38
Loan;38
Erina;38
Rosamaria;37
Manteli;37
Natja;37
Aada-Sofia;37
Rimma;37
Soini;37
Ela;37
Majbritt;37
Nadezhda;37
Katharine;37
Aija-Leena;37
Brigitta;37
Eyvor;37
Anne-Marika;37
Lykke;37
Ulla-Kaarina;37
Kitte;37
Britt-Inger;37
Azra;37
Dilara;37
Mahamud;37
Riitta-Maria;37
Heli-Maria;37
Esme;37
Eeva-Sisko;37
Effi;37
Emma-Leena;37
Neonilla;37
Johansdotter;37
Gun-Viol;37
Krisse;37
Sinaida;37
Karima;37
Bahar;37
Rosi;37
Maj-Brit;37
Lavinia;37
Yana;37
Ruuth;37
Ilkantytär;37
Cecilie;37
Madleena;37
Paulette;37
Solina;37
Ulla-Maarit;37
Annel;37
Emma-Liisa;36
Franciska;36
Lucina;36
Safiira;36
Hawo;36
Inge-May;36
Nicoletta;36
Naemi;36
Philippa;36
Catariina;36
Roosamari;36
Mai-Britt;36
Melia;36
Nguyet;36
Margitha;36
Marle;36
Esantytär;36
Eugenie;36
Marja-Lea;36
Els-Maj;36
Markitta;36
Melike;36
Viktorovna;36
Francisca;36
Eva-Kaarina;36
Lorena;36
Iidamaria;36
Hannemari;36
India;36
Huyen;36
Hanh;36
Sirkkaliisa;36
Anna-Marie;36
Biritta;36
Ollintytär;36
Tilla;36
Martine;36
Nikki;36
Linda-Marie;36
Suvituulia;36
Ristontytär;36
Mette-Maria;36
Iro;36
Aster;36
Alexis;36
Katy;35
Annmarie;35
Inga-Lis;35
Ly;35
Larsdotter;35
Maarja;35
Helny;35
Anu-Mari;35
Priska;35
Sulamit;35
Piret;35
Sadia;35
Céline;35
Rosa-Marie;35
Hippu;35
Damaris;35
Ivanovna;35
Reetta-Leena;35
Marja-Anneli;35
Eevamaija;35
Zhanna;35
Maria-Sofia;35
Airiina;35
Seena;35
Shirley;35
Elenor;35
Aino-Emilia;35
Saranda;35
Anna-Pauliina;35
Dung;35
Geraldine;35
Eeda;35
Teija-Liisa;35
Christiana;35
Minnaliisa;35
Dawn;35
Suvi-Maarit;35
Saara-Sofia;35
Ulla-Liisa;35
Alexiina;35
Anna-Julia;35
Ulla-Britta;35
Anne-Maaret;35
Anna-Bella;35
Tuttu;35
Salka;35
Minta;35
Serafima;35
Erkintytär;35
Jenifer;35
Maija-Sisko;35
Ullamari;35
Mandy;35
Ilo;35
Margherita;35
Ellimaija;35
Dominique;34
Aleksa;34
Inga-Maria;34
Nguyen;34
Fransina;34
Jounintytär;34
Tintti;34
Ioulia;34
Idun;34
Jertta;34
Erikka;34
Malgorzata;34
Iraida;34
Sania;34
Isolde;34
Anaïs;34
Anu-Leena;34
Kiisa;34
Katya;34
Ellamaria;34
Marike;34
Leena-Sisko;34
Jaana-Maria;34
Hanna-Sofia;34
Iida-Mari;34
Jarita;34
Meri-Helmi;34
Suvianna;34
Aaria;34
Agnetha;34
Annemaria;34
Edina;34
Enni-Maria;34
Lis-Marie;34
Kirsi-Leena;34
Kristiine;34
Sanna-Marja;34
Eloise;34
Vivienne;34
Aukusta;34
Merve;34
Reetta-Kaisa;34
Smilla;34
Inca;34
Lovis;34
Anne-Maaria;34
Reetta-Maria;34
Mireille;34
Eevakaisa;34
Fatou;34
Marleen;33
Ing-Britt;33
Ama;33
Raquel;33
Tessaliina;33
Farhia;33
Mari-Susanna;33
Elmira;33
Kaisi;33
Ann-Nina;33
Titi;33
Eva-Lena;33
Anna-Kristina;33
Hanna-Riina;33
Sarai;33
Valentine;33
Merikukka;33
Natacha;33
Venna;33
Rana;33
Anilla;33
Aksiina;33
Kiia-Maria;33
Petrina;33
Caitlin;33
Adelé;33
Marjariitta;33
Seija-Leena;33
Sivia;33
Eeva-Riikka;33
Josetta;33
Adelle;33
Amber;33
Henna-Maaria;33
Omena;33
Tuomaantytär;33
Ariella;33
Sannamaija;33
Kimberly;33
Elizabet;33
Tiiamari;33
Katalin;33
Elene;33
Fardowsa;33
Arianne;33
Effia;33
Leena-Riitta;33
Sirppa;33
Molla;33
Helmina;33
Emilija;33
Arma;33
Jelina;33
Tilta;33
Norah;33
Leontine;33
Mariliina;33
Meena;33
Kathryn;33
Nasrin;33
Samintytär;33
Sagal;32
Chanel;32
Marcela;32
Gunvi;32
Sanna-Riitta;32
Gisella;32
Unikko;32
Linnèa;32
Neena;32
Ann-May;32
Lumilla;32
Hilja-Maria;32
Abbas;32
Cynthia;32
Annemi;32
Annasofia;32
Marella;32
Trine;32
Tapiontytär;32
Leena-Marjatta;32
Derya;32
Samia;32
Laura-Maija;32
Malaika;32
Asmaa;32
Safa;32
Saili;32
Nyyti;32
Catrina;32
Marleene;32
Nicolette;32
Petra-Maria;32
Maggie;32
Miretta;32
Riitta-Marja;31
Iona;31
Anna-Brita;31
Seija-Sisko;31
Aino-Marja;31
Tuomontytär;31
Giulia;31
Yael;31
Heliä;31
Anne-Mai;31
Madison;31
Darina;31
Maria-Riitta;31
Helmi-Sofia;31
Alfhilda;31
Habiba;31
Nikolaevna;31
Mimma;31
Vea;31
Anne-Helena;31
Henna-Riitta;31
Anne-Leena;31
Ulfsdotter;31
Sallamaria;31
Chris;31
Wivi;31
Lucie;31
Samsam;31
Ellevi;31
Jeena;31
Tiina-Leena;31
Alana;31
Marsa;31
Heather;31
Sasha;31
Lien;31
Ida-Mari;31
Ann-Catrine;31
Natasia;31
Fay;31
Mirigli;31
Martintytär;31
Sari-Susanna;31
Catherina;31
Sini-Vuokko;31
Jiina;31
Farida;31
Lis;31
Ripsa;31
Sini-Sofia;31
Annalisa;31
Beerit;31
Otteliana;31
Taru-Tuulia;31
Sini-Pilvi;31
Eiri;31
Shannon;31
Deniz;31
Nicoline;31
Viktoriya;30
Yu;30
Tetti;30
Iqra;30
Ksenija;30
Dahir;30
Sirkka-Maija;30
Retriika;30
Xuan;30
Neda;30
Dilan;30
Kara;30
Ene;30
Agafia;30
Antonella;30
Wiktoria;30
Hiba;30
Jessie;30
Aiju;30
Sanna-Marika;30
Lumimarja;30
Terontytär;30
Lilija;30
Illuusia;30
Roxana;30
Aino-Mari;30
Aretta;30
Sariina;30
Jing;30
Eeva-Helena;30
Leigh;30
Arwen;30
Kariitta;30
Anab;30
Enniina;30
Truc;30
Leone;30
Mirela;30
Fernanda;30
Marjo-Kaisa;30
Janitta;30
Tuuve;30
Jenni-Johanna;30
Anni-Helena;30
Natasa;30
Liivia;30
Lounatuuli;30
Alda;30
Ann-Cathrine;30
Henna-Riina;30
Liilia;30
Maija-Kaarina;30
Kia-Maria;30
Sannamaria;30
Adeleine;30
Ivy;30
Margret;30
Ragna;30
Merilla;30
Amiira;30
Piatta;30
Sannukka;30
Auvikki;30
Eunice;30
Anne-Maritta;30
Eila-Maija;30
Mari-Annika;30
Aviva;30
Silja-Maria;30
Alisha;30
Mahad;29
Malina;29
Natalija;29
Zofia;29
Tiija;29
Aino-Leena;29
Kathy;29
Elfrida;29
Saba;29
Hatice;29
Siham;29
del;29
Hanne-Maarit;29
Susannah;29
Björnsdotter;29
Irén;29
Emmi-Kaisa;29
Venla-Maria;29
Jerika;29
Tahiti;29
Blondine;29
Berith;29
Melodia;29
Piita;29
Annariitta;29
Riia-Maria;29
Toivi;29
Senny;29
Silve;29
Pasintytär;29
Nikolajevna;29
Kirsi-Marjut;29
Suzanna;29
Anna-Tuulia;29
Axelina;29
Pippa;29
Yvette;29
Aureelia;29
Milla-Riina;29
Lotta-Mari;29
Tiinamari;29
Sandy;29
Kamila;29
Kasmira;29
Ngan;29
Solange;29
Lumianna;29
Yusra;29
Mohammad;29
Ai;29
Melise;29
Marisanna;29
Suvi-Elina;29
Elviina;29
Skye;29
Mayvor;29
Isela;29
Jonna-Riikka;29
Faisa;29
Teressa;29
Cira;29
Artontytär;29
Hazel;29
Helina;29
Fatemeh;29
Kathrin;29
Halina;29
Eeva-Lotta;29
Augustiina;28
Izabelle;28
Osmi;28
Miina-Maria;28
Ull-Britt;28
Garita;28
Anatoljevna;28
Eliida;28
Neera;28
Kuu;28
Marja-Maija;28
Iren;28
De;28
Rose-May;28
Aria;28
Katja-Leena;28
Emmie;28
Cristel;28
Lumi-Kukka;28
Jonina;28
Tutteli;28
Henrita;28
Päivi-Sisko;28
Nikolina;28
Annabell;28
Hermine;28
Crystal;28
Janna-Mari;28
Elke;28
Kieu;28
Jenna-Riikka;28
Sannaleena;28
Amani;28
Heli-Marja;28
Reina;28
Diem;28
Kaja;28
Elza;28
Kathrine;28
Tulikki;28
Ariane;28
Jansdotter;28
Hannariikka;28
Ing-Mari;28
Catharine;28
Anna-Leea;28
Jasmiin;28
Jurjevna;28
Noora-Emilia;28
Ros-Maj;28
Idil;28
Sabrin;28
Tuikku;28
Rebeca;28
Kesäheinä;28
Taisa;28
Athene;28
Pilvi-Sisko;28
Maj-Gun;28
Adine;28
Michela;28
Avilla;28
Merihelmi;28
Tatyana;27
Aliida;27
Henna-Liisa;27
Salla-Maija;27
Ellimaria;27
Thérèse;27
Adelein;27
Meya;27
Elvia;27
Nea-Sofia;27
Ella-Maaria;27
Miia-Riikka;27
Alevtina;27
Lissu;27
Sabriina;27
Anna-Lea;27
Ingemaj;27
Iidaliina;27
Kotivalo;27
Anna-Liina;27
Helea;27
Piretta;27
An;27
Mariet;27
Giovanna;27
Najmo;27
Aninka;27
Emiliina;27
Varpu-Leena;27
Damla;27
Emi;27
Hibo;27
Mustafa;27
Amie;27
Lis-Mari;27
Raissa;27
Lise-Maj;27
Ilham;27
Lis-Britt;27
Iinu;27
Athina;27
Lynne;27
Petersdotter;27
Hannelore;27
Marjale;27
Nhung;27
Bushra;27
Aile;27
Safina;27
Mia-Marika;27
Taini;27
Wilhelmine;27
Saina;27
Liz;27
Miia-Liisa;27
Market;27
Wei;27
Adelie;27
Seila;27
Kimmontytär;27
Kristi;27
Riikka-Maija;27
Mária;27
Zenita;27
Ida-Marie;27
Josette;27
Leenu;27
Raija-Riitta;27
Anu-Kaisa;27
Ninetta;27
Torhild;27
Wambui;27
Madina;27
Salad;27
Saranna;27
Noella;27
Aniina;27
Otteljaana;27
Hilla-Maaria;27
Enne-Liisa;27
Laurintytär;27
Hennamari;27
Minna-Marika;27
Meriem;27
Marie-Christine;27
Muna;26
Ramla;26
Valo;26
Elli-Sofia;26
Iija;26
Viivia;26
Pipa;26
Lotta-Emilia;26
Anna-Elisa;26
Saria;26
Hanna-Kaarina;26
Roosamaria;26
Angeli;26
Nisa;26
Alfiina;26
Henna-Maarit;26
Millie;26
Annamaaria;26
Ivana;26
Antoniina;26
Myriam;26
Gullevi;26
Chi;26
Satu-Johanna;26
Edona;26
Néa;26
Silke;26
Maryanne;26
Perla;26
Georgia;26
Samiira;26
Jamal;26
Lucinda;26
Aija-Liisa;26
Jevgenia;26
Ada-Emilia;26
Saara-Leena;26
Metsätähti;26
Tari;26
Warda;26
Aasa;26
Milla-Emilia;26
Oliwia;26
Nasro;26
Siv-Britt;26
Tuana;26
Almiina;26
Ann-Katrine;26
Karine;26
Rihanna;26
Gullan;26
Sohvia;26
Tupu;26
Urda;26
Giselle;26
Rashid;26
Amadea;26
Anna-Katarina;26
Taikatuuli;26
Hetastiina;26
Emmi-Noora;26
Gaia;26
Päivi-Maria;26
Carelia;26
Lotta-Maaria;26
Abdul;26
Aalia;26
Maretta;26
Marusja;26
Tommintytär;26
Teiju;26
Anabel;26
Wanjiru;26
Titta-Maria;26
Joséphine;26
Suad;26
Eloni;26
Annareetta;26
Suleiman;26
Minna-Kristiina;26
Venus;26
Isella;26
Maijaleena;26
Amilda;26
Bent;26
Tuija-Riitta;26
Anastaasia;26
Hildi;26
Anja-Maija;25
Mari-Elina;25
Thilde;25
Kirsi-Maija;25
Sana;25
Teemuntytär;25
Suvi-Anna;25
Yee;25
Sanny;25
Sol;25
Eerontytär;25
Léa;25
Iryna;25
Lena-Maria;25
Musse;25
Jella;25
Elli-Mari;25
Satu-Susanna;25
Silvana;25
Laura-Emilia;25
Blanka;25
Utu;25
Suvi-Sisko;25
Nomi;25
Irini;25
Mari-Jaana;25
Lilja-Maria;25
Elisaveta;25
Salama;25
Taiju;25
Riittaliisa;25
Runo;25
Poppy;25
Anu-Maija;25
Christal;25
Jemilia;25
Vasiljevna;25
Sätene;25
Sima;25
Kiki;25
Heli-Maarit;25
Lilya;25
Majken;25
Dunia;25
Meriel;25
Liliane;25
Auriina;25
Beatta;25
Olka;25
Jalmiina;25
Siiri-Maria;25
Adelea;25
Agnieszka;25
Anni-Lotta;25
Aurea;25
Binta;25
Moira;25
Adea;25
Enid;25
Elona;25
Lotta-Sofia;25
Syrilla;25
Pia-Sofia;25
May-Len;25
Ila;25
Luz;25
Pihla-Maria;25
Ira-Maria;25
Kaisaleena;25
Hua;25
Suzana;25
Sindi;25
Cam;25
Jarmontytär;25
Anna-Erika;25
Dinah;25
Jerina;25
Saritta;25
Charlene;25
Theres;25
Sirpa-Riitta;25
Eulalia;25
Mona-Maria;25
Pia-Leena;25
Lilith;25
Iivi;25
Adrienne;25
Kirsimaria;25
Ann-Sophie;25
Brita-Liisa;25
Ülle;25
Ainokaisa;25
Anja-Kaarina;25
Novalie;25
Adile;25
Janintytär;25
Viviane;25
Lumi-Tuuli;25
Tähkä;25
Ameliina;25
Princess;24
Muska;24
Regiina;24
Bibi;24
Eevamari;24
Mimoza;24
Myrna;24
Akintytär;24
Mari-Kaisa;24
Nikola;24
Leenamaija;24
Mereta;24
Maribel;24
Su;24
Lumi-Maria;24
Sofija;24
Liina-Lotta;24
Adam;24
Sidonia;24
Petriikka;24
Aronia;24
Aure;24
Astri;24
Jennimari;24
Airikki;24
Nani;24
Ubah;24
Cariina;24
Luiza;24
Leanne;24
Sakura;24
Nina-Mari;24
Dunja;24
Nanja;24
Tulikukka;24
Arabella;24
Lill;24
Emma-Liina;24
Mahmoud;24
Ulrike;24
Shani;24
Chau;24
Marjeli;24
Markuksentytär;24
Vi;24
Thien;24
Leticia;24
Taika-Tuulia;24
Aksa;24
Liisamaija;24
Mari-Ella;24
Marisol;24
Gull-Britt;24
Elektra;24
Krystyna;24
Danica;24
Rabia;24
Tiltu;24
Shahla;24
Yuliya;24
Lidija;24
Ifeoma;24
Mirjaana;24
Virpi-Liisa;24
Febe;24
Militsa;24
Maija-Helena;24
Shanti;24
Nadeschda;24
Lusiina;24
Nila;24
Tu;23
Ariadne;23
Rosario;23
Cécile;23
Paula-Maria;23
Jaana-Maarit;23
Niina-Mari;23
Isa-Maria;23
Hue;23
Florentina;23
Inga-Maj;23
Aziza;23
Meini;23
Sisko-Maria;23
Auvo;23
Mari-Helena;23
Zelda;23
Seea;23
Prisilla;23
Sharif;23
Munira;23
Katarzyna;23
Retriikka;23
Inka-Riina;23
Sylvie;23
Minnamaria;23
Aino-Ilona;23
Leonore;23
Lotta-Liisa;23
Piia-Riitta;23
Lejla;23
Xin;23
Kalla;23
Ida-Kaisa;23
Rosmari;23
Nelli-Maria;23
Adonika;23
Anais;23
Zina;23
Donia;23
Esikko;23
Pettiina;23
Ija;23
Anni-Maj;23
Aziz;23
Carine;23
Tran;23
Hailey;23
Jarkontytär;23
Rose-Mari;23
Maliina;23
Emmanuelle;23
Gun-Mari;23
Rosmariini;23
Heli-Maija;23
Päivi-Helena;23
Tuula-Maria;23
Cathrin;23
Josephina;23
Anna-Kreetta;23
Rosie;23
Isse;23
Anuliisa;23
Esperanza;23
Evie;23
Kassandra;23
Blanca;23
Esti;23
Eedi;23
Jamilla;23
Otilia;23
Amrita;23
Agnia;23
Susette;23
Anju;23
Britt-Maj;23
Kati-Maria;23
Miia-Maaria;23
Anahita;23
Salina;23
Carissa;23
Sirius;23
Priya;23
Emmaleena;23
Hajar;23
Leonoora;23
Pia-Pauliina;23
Phung;23
Faisal;23
Karissa;23
Karmen;23
Loretta;23
Wanjiku;23
Abdullah;23
Mihailovna;23
Nawal;23
Kati-Johanna;22
Anne-Elina;22
Mahdi;22
Nea-Noora;22
Ellimari;22
Kuutar;22
Pia-Maarit;22
Sari-Anneli;22
Keira;22
Patrizia;22
Akviliina;22
Ann-Sofia;22
Riina-Maija;22
Reetta-Maija;22
Petrovna;22
Louice;22
Jia;22
Farina;22
Hai;22
Kiuru;22
Madonna;22
Rayan;22
Evia;22
Rebekah;22
Jaana-Liisa;22
Lii;22
Olga-Maria;22
Tanja-Maria;22
Laure;22
Eija-Maija;22
Kaarna;22
Evguenia;22
Tabita;22
Villa;22
Elinda;22
Mari-Liisa;22
Mariija;22
Zanna;22
Marijaana;22
Jin;22
Satu-Helena;22
Amaya;22
Sasa;22
Kaste;22
Tuila;22
Laura-Elina;22
Ihana;22
Serja;22
Iliana;22
Nida;22
Maija-Reetta;22
Melika;22
Mustikka;22
Liise;22
Kendra;22
Pinja-Maria;22
Fei;22
Hoda;22
Eelia;22
Eva-Mari;22
Ida-Maija;22
Grete;22
Ayda;22
Betti;22
Borisovna;22
Sonja-Maria;22
Heline;22
Päivätär;22
Neta;22
Oanh;22
Maja-Lisa;22
Jenni-Kaisa;22
Naana;22
Edvina;22
Katja-Mari;22
Liisa-Mari;22
Anriikka;22
Roosa-Emilia;22
Love;22
Emmi-Julia;22
Lei;22
Trinh;22
Natasja;22
Vanda;22
Nele;22
Shania;22
Ulla-Kaija;22
Linda-Mari;22
Nura;22
Silje;22
Minna-Marja;22
Ernestine;22
Shamso;22
Cheryl;22
Nabila;22
Nellinoora;22
Karlotta;22
Maiju-Leena;22
Xiao;22
Maria-Terttu;22
Leandra;22
Agnesa;22
Katherina;22
Reet;21
Aiko;21
Aileen;21
Laia;21
Amelié;21
Piia-Pauliina;21
Laura-Liisa;21
Anna-Sisko;21
Ainoliisa;21
Taila;21
Malle;21
Aimee;21
Nataliya;21
Seynab;21
Kumari;21
Aleksandria;21
Hien;21
Rahmo;21
Birthe;21
Annevi;21
Ann-Caroline;21
Apila;21
Iina-Sofia;21
Mysi;21
Jolie;21
Axa;21
Man;21
Miia-Maarit;21
Sinituuli;21
Harriette;21
Merikki;21
Boel;21
Janelle;21
Tiara;21
Evangeline;21
Allison;21
Tordis;21
Luciana;21
Dorthy;21
Caisa;21
Magnhild;21
Neija;21
Eeva-Kaija;21
Bernadette;21
Holly;21
Ulla-Kristiina;21
Floora;21
Sunniva;21
Liban;21
Bigga;21
Matsdotter;21
Gilda;21
Elen;21
Selda;21
Donya;21
Inès;21
Uljana;21
Tetta;21
Heidi-Mari;21
Borghild;21
Riitta-Anneli;21
Kevät;21
Jyrkintytär;21
Paulikki;21
Salla-Maari;21
Risten;21
Mariska;21
Ranghild;21
Ellan;21
Heine;21
Hilda-Maria;21
Han;21
Jenni-Emilia;21
Amaal;21
Hedwig;21
Emila;21
Khanh;21
Merilin;21
Eija-Maarit;21
Faduma;21
Yang;21
Tiia-Liisa;21
Hasan;21
Sabah;21
Satu-Päivikki;21
Aleyna;21
Sievi;21
Nata;21
Vilja-Maria;21
Kaisa-Marja;21
Marja-Lena;21
Wai;21
Anja-Maria;21
Kaariina;21
Inga-Lisa;21
Liina-Maria;21
Marjam;21
Salman;21
Katja-Maarit;21
Coco;21
Mirva-Liisa;21
Marutzella;21
Katrianna;21
Solweig;21
Vicky;21
Gullvi;21
Ivanova;21
Iida-Liina;21
Jekateriina;21
Sini-Susanna;21
Clarisse;21
Kaisamari;21
Zohra;21
Anna-Kajsa;21
Abdulle;21
Dao;21
Cristin;21
Yara;21
Liine;21
Maurintytär;21
Irmgard;21
Sepontytär;21
Abdikarin;21
Aminata;21
Eija-Kaarina;21
Freyja;20
Jadeliina;20
Ming;20
Luana;20
Inka-Mari;20
Miiu;20
Leonna;20
Emely;20
Gabriele;20
Hilta;20
Anselika;20
Lorraine;20
Faye;20
Fartun;20
Hella;20
Aliyah;20
Wairimu;20
Evgenija;20
Ann-Kristine;20
Nimco;20
Riitta-Mari;20
Phoebe;20
Fredriksdotter;20
Sari-Helena;20
Jaana-Maija;20
Liisukka;20
Meta;20
Niika;20
Thilda;20
Sevgi;20
Teela;20
Wilja;20
Inni;20
Amine;20
Emeline;20
Mari-Hannele;20
Varpu-Liisa;20
Iina-Emilia;20
Egzona;20
Anna-Mi;20
Isobel;20
Annelise;20
Meemi;20
Sari-Johanna;20
Joseph;20
Maruzella;20
Tasnim;20
Kianna;20
Miisa-Maria;20
Secilia;20
Gull-Maj;20
Henriitta;20
Roxanne;20
Sunneva;20
Jina;20
Enrika;20
Mea-Maria;20
Elbe;20
Sydney;20
Clare;20
Roda;20
Tiinu;20
Claudine;20
Emma-Riikka;20
Ann-Cathrin;20
Mari-Anneli;20
Maira;20
Alberta;20
Isatou;20
Iri;20
Nahid;20
Zandra;20
Meri-Kukka;20
Artemis;20
Valvatti;20
Bojan;20
Satu-Maija;20
Riina-Kaisa;20
Piiku;20
Thomasdotter;20
Rayaan;20
Hanna-Marika;20
Oodi;20
Millamari;20
Ainoliina;20
Evastiina;20
Vibeke;20
Janna-Maria;20
Tilhi;20
Zamzam;20
Anna-Maj;20
Irené;20
Miitu;20
Meriam;20
Nadya;20
Salah;20
Stefani;20
Veera-Kaisa;20
Lumo;20
Min;20
Anne-Marjo;20
Triinu;20
Meri-Maaria;20
Maree;20
Yamina;20
Allegra;20
Anni-Ilona;20
Chioma;20
Quyen;20
Briitta-Liisa;20
Tiina-Sisko;20
Ritva-Anneli;20
Sannu;20
Vilna;20
Tonintytär;20
Dieu;20
Tarjaana;20
Rosmarie;20
Feride;20
Päivi-Liisa;20
Judy;20
Ritvaliisa;20
Keren;20
Helleni;20
Izabel;20
Arja-Maija;20
Elmina;20
Ikram;20
Fuad;20
Sara-Emilia;19
Stina-Maria;19
Yi;19
Liisa-Lotta;19
Kaisa-Reetta;19
Meriitta;19
Ilse-Maj;19
Tien;19
Leena-Anneli;19
Lumihelmi;19
Jenni-Julia;19
Cora;19
Lumituuli;19
Robertsdotter;19
Ida-Liisa;19
Hanna-Katariina;19
Viktorija;19
Annimaija;19
Njeri;19
Weronika;19
Uuna;19
Irja-Leena;19
Sirin;19
Stefansdotter;19
Gemma;19
Hanna-Katri;19
Jenni-Sofia;19
Sky;19
Enny;19
Karitta;19
Ping;19
Chia;19
Oilikki;19
Piela;19
Aada-Emilia;19
Fatema;19
Ronda;19
Ronia;19
Satu-Mari;19
Evangelia;19
Ann-Gret;19
Satu-Liisa;19
Selin;19
Hamid;19
Pia-Susanna;19
Leslie;19
Simontytär;19
Viima;19
Lorin;19
Marié;19
Melian;19
Miikantytär;19
Dita;19
Tiina-Riikka;19
Hayley;19
Janissa;19
Gustaava;19
Piia-Mari;19
Angeline;19
Katleena;19
Teija-Leena;19
Alesia;19
Joella;19
Adelheid;19
Kadri;19
Roya;19
Danuta;19
Tomintytär;19
Berivan;19
Wictoria;19
Tereza;19
Sumeya;19
Narin;19
Piiu;19
Annileena;19
Etna;19
Zehra;19
Anu-Elina;19
Thua;19
Dimitra;19
Juhontytär;19
Emilii;19
Mar;19
Eeti;19
Lita;19
Khalid;19
Kyra;19
Omelia;19
Iana;19
Lille-Mor;19
Marjan;19
Colette;19
Enrica;19
Maida;19
Myra;19
Anni-Maaria;19
Astra;19
Renita;19
Maria-Elena;19
Faadumo;19
Lo;19
Mariell;19
Domna;19
Silvi;19
Mariya;19
Minetta;19
Sindy;19
Rani;19
Eskontytär;19
Myrsky;19
Anny;19
Birgitt;19
Ioana;19
Zsuzsanna;19
Arleena;19
Arta;19
Tytti-Maria;19
Wendela;19
Terttuli;19
Tess;19
Khaled;19
Linette;19
Reeta-Maria;19
Eliisabeth;19
Nuur;19
Kerttu-Kaarina;19
Salima;19
Anna-Kreeta;19
Elina-Maria;19
Catriona;19
Riina-Mari;19
Satu-Päivi;19
Mansikka;19
Narges;19
Pirkkoliisa;19
Monia;19
Hanna-Helena;19
Gresa;19
Edel;19
Irène;19
Paige;19
Htoo;19
Iselin;19
Paavontytär;19
Eija-Maria;18
Ruusu-Maria;18
Amandine;18
Vasilisa;18
Christiansdotter;18
Christelle;18
Irem;18
Maris;18
Heleni;18
Teija-Riitta;18
Ayesha;18
Mirve;18
Kasandra;18
Anneke;18
Fanny-Maria;18
Ilaria;18
Ranya;18
Alix;18
Mandana;18
Emmi-Leena;18
Dalila;18
Eeva-Sofia;18
Githa;18
Jaana-Kaisa;18
Trude;18
Mihaela;18
Maijeli;18
Mia-Riitta;18
Olesja;18
Arja-Sisko;18
Nerissa;18
Chiamaka;18
Salla-Kaisa;18
Kaitlyn;18
Ella-Roosa;18
Salla-Sofia;18
Anzhelika;18
Merianna;18
Anna-Marika;18
Taika-Tuuli;18
Mii;18
Suvikki;18
Anjelika;18
Emmastiina;18
Sinivuokko;18
Alicja;18
Jennyfer;18
Walborg;18
Juno;18
Jarnontytär;18
Satu-Kaarina;18
Exenia;18
Hanna-Lena;18
Arlinda;18
Niina-Riikka;18
Sheikh;18
Lumi-Helmi;18
Ulla-Helena;18
Ahmad;18
Júlia;18
Sadie;18
Althea;18
Kaisamaria;18
Hanaan;18
Lorna;18
Yagmur;18
Asli;18
Suvi-Kukka;18
Alea;18
Katja-Maaria;18
Joline;18
Dafina;18
Ullariikka;18
Jiia;18
Naema;18
Robyn;18
Sinervo;18
Zoé;18
Justine;18
Pavlovna;18
Reija-Liisa;18
Jamie;18
Elzbieta;18
Milja-Maaria;18
Ljuba;18
Lisi;18
Marga;18
Cecile;18
Valpori;18
Faiza;18
Hennika;18
Mirja-Maija;18
Birita;18
Duyen;18
Maria-Teresa;18
Teuta;18
Mabel;18
Carole;18
Lourdes;18
Minna-Sisko;18
Marja-Tuulikki;18
Evamaria;18
Francine;18
Heta-Maria;18
Sannimari;18
Farhiyo;18
Laura-Sofia;18
Kimsdotter;18
Olofsdotter;18
Anu-Kristiina;18
Ejvor;18
Rene;18
Nea-Emilia;18
Teri;18
Wanja;18
Pilar;18
Sinimarja;18
Emmi-Riikka;18
Chatrine;18
Elsbet;18
Latifa;18
Aadolfiina;18
Hennariina;18
Abdillahi;18
Tiina-Maarit;18
Elleni;18
Maria-Elina;18
Emmilotta;18
Morgan;18
Satu-Lotta;18
Lotta-Maija;18
Ennika;18
Glory;18
Katina;18
Puolukka;18
Alona;18
Ing-Marie;18
Elisia;18
Jamelia;18
Josefiia;18
Natalya;18
Sini-Orvokki;18
Markareeta;18
Allida;18
Seera;18
Tony;18
Hanna-Lotta;18
Miinu;18
Ksenja;18
Milvi;18
Jonasdotter;18
Päivä;18
Satumaria;17
Annetta;17
Helma;17
Fariba;17
Jeanine;17
Elsmaj;17
Hanna-Reeta;17
Rosa-Mari;17
Nina-Maarit;17
Reeta-Kaisa;17
Aino-Maaria;17
Virpi-Leena;17
Anne-Britt;17
Anni-Marja;17
Liliann;17
Enni-Sofia;17
Piia-Liisa;17
Natta;17
Roine;17
Wen;17
Rahel;17
Noura;17
Zoya;17
Ellinore;17
Mikaella;17
Sabiina;17
Jenna-Riina;17
Diina;17
Kjerstin;17
Parvin;17
Eva-Riitta;17
Laini;17
Rosa-Emilia;17
Ekaterini;17
Ertta;17
Violette;17
Y;17
Aamina;17
Wendla;17
Fanni-Sofia;17
Juhanintytär;17
Riikkaliisa;17
Saija-Liisa;17
Elsa-Maija;17
Jenna-Juulia;17
Maie;17
Merili;17
Sikke;17
Heidi-Maarit;17
Abed;17
Adora;17
Elda;17
Saija-Maria;17
Alette;17
Ikran;17
Tilly;17
Ellariina;17
Vicktoria;17
Merva;17
Jaana-Mari;17
Heta-Liisa;17
Chantelle;17
Emma-Julia;17
Alanna;17
Anne-Kristina;17
Arielle;17
Davina;17
Laulikki;17
Minttumaaria;17
Tiida;17
Meria;17
Alvi;17
Liljaana;17
Sigrun;17
Desideria;17
Taia;17
Jun;17
Barita;17
Ina-Maria;17
Marcelle;17
Adette;17
Timea;17
Arlette;17
Iina-Mari;17
Minna-Kaarina;17
Lyylia;17
Ka;17
Adelin;17
Gunn-Maj;17
Liina-Maija;17
Ajla;17
Lea-Liisa;17
Tiinaliisa;17
Fransilja;17
Pricella;17
Yun;17
Magnusdotter;17
Millamaria;17
Milina;17
Susie;17
Venera;17
Eliane;17
Inke;17
Signild;17
Betina;17
Runa-Lisa;17
Laura-Leena;17
Emmalotta;17
Selia;17
Reetta-Mari;17
Tarja-Helena;17
Kirstiina;17
Rosalin;17
Adelei;17
Sahro;17
Miita;17
Juliane;17
Adel;17
Joela;17
Danja;17
Toussainte;17
Annea;17
Nuura;17
Aime;17
Helmi-Lotta;17
Mya;17
Alex;17
Terhi-Tuulia;17
Julanda;17
Marie-Sofie;17
Abdirisak;17
Jo;17
Marie-Anne;17
Päiviö;17
Sara-Tuulia;17
Rosabella;17
Evella;17
Naz;17
Kirsi-Marjo;17
Aala;17
Maikku;17
Milou;17
Triin;17
Orvo;17
Tytteli;17
Aimée;17
Pirjo-Sisko;17
Ainomari;17
Drita;17
Beryl;17
Britt-Helen;17
Leenakaisa;17
Rosetta;17
Rona;16
Annilotta;16
Jeanna;16
Sarafina;16
Sari-Leena;16
Konstantina;16
Patriicia;16
Eeri;16
Kreta;16
Amna;16
Beth;16
Edwina;16
Erza;16
Anna-Eveliina;16
Riitta-Kaarina;16
Ioanna;16
Soledad;16
Meliha;16
Senita;16
Sara-Lotta;16
Neema;16
Tiia-Maaria;16
Isabela;16
Jimena;16
Pelagea;16
Sanni-Kaisa;16
Essi-Emilia;16
Anu-Susanna;16
Sirkku-Leena;16
Tomasdotter;16
Ann-Maarit;16
Qamar;16
Anna-Laura;16
Marghita;16
Milaya;16
Pirkko-Riitta;16
Kirke;16
Alexandrine;16
Elwa;16
Annuska;16
Leinikki;16
Maryann;16
Marja-Hannele;16
Neea-Maria;16
Sig-Britt;16
Katja-Marika;16
Cristal;16
Darya;16
Maijastina;16
Annikaisa;16
Jolina;16
Fatime;16
Liliya;16
Oona-Emilia;16
Zaynab;16
Mai-Leena;16
Grazyna;16
Mumin;16
Sane;16
Wilmiina;16
Nasteho;16
Leonidovna;16
Terésa;16
Päivi-Leena;16
Fu;16
Annemo;16
Nelliina;16
Timna;16
Nafisa;16
Abdifatah;16
Mitja;16
Blerta;16
Carmel;16
Annuliina;16
Sadaf;16
Adrianna;16
Pipariina;16
Ellis;16
Danika;16
Eriksdotter;16
Marii;16
Abdiasis;16
Margerita;16
Tone;16
Nella-Maria;16
Samar;16
Yin;16
Mari-Annukka;16
Elisabetta;16
Hui;16
Federica;16
Nilsdotter;16
Destiny;16
Kathrina;16
Marileena;16
Shan;16
Jaqueline;16
Sinitta;16
Daga;16
Kerli;16
Sena;16
Solin;16
Ena;16
Laetitia;16
Mirka-Maria;16
Pirke;16
Synnove;16
Taylor;16
Else-Britt;16
Shira;16
Abdikadir;16
Rosiina;16
Riitta-Helena;16
Amra;16
Iza;16
Pirpa;16
Maru;16
Lottaliina;16
Mirana;16
Jenni-Leena;16
Valencia;16
Aminda;16
Anni-Riikka;16
Maj-Helen;16
Uyen;16
Mélanie;16
Pikka;16
Izabela;16
Ailin;16
Jaana-Marja;16
Despina;16
Luminka;16
Pioni;16
Heidi-Maaria;16
Kulta;16
Albulena;16
Sini-Päivikki;16
Mesimarja;16
Pellava;16
Salla-Maaret;16
Sona;16
Pian;16
Clary-Ann;16
Kristiana;16
Juuli-Anna;16
Asad;16
Jinka;16
Ria-Maria;16
Saynab;16
Eija-Sisko;16
Hebe;16
Misella;16
Tuyen;16
Abdisalam;16
Brooke;16
Kaisa-Riitta;16
Anerva;16
Mia-Sofia;16
Parisa;16
Rosa-Maaria;16
Ilhan;16
Ing-Maj;16
Khalif;16
Othilia;16
Satu-Hannele;16
Maureen;16
Saaramaria;16
Paris;16
Mija;16
Maarikka;16
Minttu-Mari;16
Rim;16
Piija;16
Ingebritt;16
Annuka;16
Mohamoud;16
Petranella;16
Nelmi;16
Sallima;16
Tuuva;16
Fatmire;16
Irma-Leena;16
Huynh;16
Vailet;16
Dominika;16
Juan;16
Maija-Riikka;16
Asia;16
Caritta;16
de;16
Sibylla;16
Mielo;16
Milona;16
Dilek;16
Liisamaria;16
Milga;16
Evianna;16
Hilpe;16
Jolanta;16
Sultan;16
Amel;16
Linda-Sofia;15
Shakira;15
Lotta-Kaisa;15
Muriel;15
Mireka;15
Ruu;15
Lumi-Lilja;15
Madeléne;15
Fransisca;15
Kaija-Maija;15
Veera-Sofia;15
Agneeta;15
Lowa;15
Riina-Liisa;15
Sihaam;15
Tessi;15
Anselmiina;15
Hannariina;15
Margrethe;15
Toni;15
Ritva-Maija;15
Belle;15
Elfiina;15
Mikaeela;15
Kristal;15
Ismahan;15
Ilhaan;15
Julita;15
Taria;15
Joosefiina;15
Manal;15
Sanela;15
Hanna-Pauliina;15
Olive;15
Filsan;15
Marigona;15
Melodi;15
Vivi-Anne;15
Tellu;15
Towe;15
Ann-Cristine;15
Olesya;15
Aija-Riitta;15
Aissa;15
Aaliyah;15
Marus;15
Hintriikka;15
Mirca;15
Decire;15
Mariantytär;15
Deeqa;15
Merena;15
Saara-Lotta;15
Marfa;15
Heléna;15
Annett;15
Ivanka;15
Kaintytär;15
Juuni;15
Sergeevna;15
Jolana;15
Anne-Marjatta;15
Saija-Riikka;15
Essiina;15
Marie-Helene;15
Antje;15
Leena-Liisa;15
Adalina;15
Agneetta;15
Kaisa-Maaria;15
Sinikukka;15
Zarah;15
Ambrosia;15
Ella-Kaisa;15
Maj-Leena;15
Milla-Maarit;15
Anna-Matilda;15
Evastina;15
Nyambura;15
Aina-Maria;15
Lenny;15
Anne-Sisko;15
Vjollca;15
Olessia;15
Mia-Maarit;15
Tertit;15
Miliza;15
Eva-Marja;15
Jadwiga;15
Alekseevna;15
Annalotta;15
Eeva-Reetta;15
Chanette;15
Anfisa;15
Taru-Maija;15
Silja-Sofia;15
Virpa;15
Vera-Maria;15
Weronica;15
Hillamaria;15
Synnevi;15
Hind;15
Nadiya;15
Nena;15
Rosella;15
Vanilia;15
Tiina-Tuulia;15
Ulla-May;15
Dianna;15
Viljaana;15
Samuela;15
Ulla-Sisko;15
Kawsar;15
Linda-Lotta;15
Abdirisaq;15
Chanelle;15
Jutta-Maria;15
Merja-Hannele;15
Mariisa;15
Teres;15
Sari-Maria;15
Anna-Inkeri;15
Taru-Maria;15
Abdiaziz;15
Eva-Christina;15
Liisa-Marja;15
Havin;15
Sandra-Sofia;15
Klarissa;15
Ngozi;15
Piipa;15
Leana;15
Liljan;15
Tia-Mari;15
Atieno;15
Railikki;15
Anna-Pia;15
Inka-Liisa;15
Helme;15
Pia-Johanna;15
Viviikka;15
Maina;15
Oliivia;15
Lu;15
Iria;15
Aralia;15
Da;15
Jocelyn;15
Caramia;15
Vasiliki;15
Vaili;15
Maareta;15
Muhumed;15
Auruura;15
Terttu-Kaarina;15
Shabnam;15
Jilla;15
Muniira;15
Almira;15
Emma-Reetta;15
Kati-Susanna;15
Louhi;15
Caro;15
Freia;15
Kristian;15
Sara-Julia;15
Tina-Maria;15
Mariika;15
Khadar;15
Elwira;15
Severina;15
Ulla-Kristina;15
Blessing;15
La;15
Anu-Maaria;15
Onnea;15
Ulla-Pia;15
Neri;15
Tilja;15
Miria;15
Fanniina;15
Adnan;15
Annalena;15
Anni-Liisa;15
Jormantytär;15
Saara-Mari;15
Shire;15
Suvi-Johanna;15
Akveliina;15
Hendrika;15
Jenny-Sofia;15
Jesmina;15
Liona;15
Muse;15
Nike;15
Jena;15
Albana;15
Heta-Maija;15
Ibtisam;15
Daniel;15
Hanne-Leena;15
Katja-Liisa;15
Titania;15
Hanna-Karoliina;15
To;15
Kirsti-Kaarina;15
Angelita;15
Pertintytär;15
Heilimä;15
Henna-Reetta;15
Anna-Ilona;15
Anila;15
Johanna-Maria;15
Amaia;15
Dunya;14
Josefa;14
Mette-Maarit;14
Paula-Maija;14
Lili-Ann;14
Neila;14
Yelena;14
Jitta;14
Aynur;14
Tracy;14
Béatrice;14
Heddy;14
Titta-Riina;14
Cécilia;14
Michal;14
Senobia;14
Tiia-Maarit;14
Anne-Katariina;14
Kätlin;14
Lora;14
Hanna-Lea;14
Aniara;14
Elwiira;14
Maxima;14
Sallamaaria;14
Tiia-Mariia;14
Kallentytär;14
Saidi;14
Annita;14
Luminia;14
Ulli;14
Via;14
Aysha;14
Ottiliana;14
Tesla;14
Ileana;14
Maruska;14
Aino-Riitta;14
Ida-Amanda;14
Nerea;14
Sanna-Sofia;14
Evian;14
Eudokia;14
Muhamed;14
Safiye;14
Iina-Maija;14
Pirkka;14
Romina;14
Asla;14
Bambi;14
Hermiina;14
Lamia;14
Maaru;14
Neeta;14
Valerija;14
Else-Mai;14
Lilo;14
Lusina;14
Merethe;14
Reeta-Mari;14
Elpi;14
Fereshteh;14
Hanna-Sisko;14
Fina;14
Anne-Kaisa;14
Thuong;14
Xiu;14
Ulla-Maaria;14
Ikraam;14
Taru-Tuuli;14
Jerita;14
Aarika;14
Kaisla-Maria;14
Willow;14
Melica;14
Jennamiia;14
Håkansdotter;14
Janeta;14
Walma;14
Tira;14
Summer;14
Penny;14
Leonilla;14
Eeva-Inkeri;14
Liis;14
Mukhtar;14
Pia-Marie;14
Terhi-Marja;14
Henna-Sofia;14
Siena;14
Keesia;14
Piri;14
Randa;14
Satu-Elina;14
Riikka-Maaria;14
Salla-Tuulia;14
Minna-Marjaana;14
Anna-Lyydia;14
Vanesa;14
Nadira;14
Pille;14
Essi-Lotta;14
Tirlittan;14
Christie;14
Emiina;14
Raunontytär;14
Jonna-Julia;14
Milada;14
Levina;14
Negin;14
Sea;14
Serenella;14
Åse;14
Elicia;14
Tram;14
Jaber;14
Brita-Lisa;14
Pirjo-Hannele;14
Saana-Tuulia;14
Ann-Len;14
Sierra;14
Wiveca;14
Adil;14
Riikka-Johanna;14
Arlena;14
Dorota;14
Israa;14
Konstantia;14
Pearl;14
Janiela;14
Minnami;14
Sabiha;14
Gwen;14
Nesrin;14
Saga-Sofia;14
Inka-Maaria;14
Lumi-Tuulia;14
Pia-Marja;14
Abshir;14
Kaika;14
Rolfsdotter;14
Olesia;14
Salla-Marja;14
Xue;14
Helja;14
Tea-Maria;14
Jenna-Sofia;14
Ansela;14
Hanna-Kaija;14
Efia;14
Nermin;14
Embla;14
Emira;14
Sanna-Riina;14
Henrikka;14
Mirjana;14
Sannaliisa;14
Wiveka;14
Janka;14
Sunita;14
Tepontytär;14
Annlis;14
Mahsa;14
Annalea;14
Thora;14
Tertta;14
Ann-Christina;14
Iida-Kaisa;14
Heli-Riitta;14
Åkesdotter;14
Laura-Mari;14
Katja-Helena;14
Eeva-Maaria;14
Mirjaliisa;14
Ann-Jeanette;14
Hava;14
Kinga;14
San;14
Aarla;14
Veina;14
Sofja;14
Dia;14
Eva-Leena;14
Augustina;14
Silja-Riitta;14
Meg;14
Mahnaz;14
Ardita;14
Moe;14
Saga-Maria;14
Akseliina;14
Abd;14
Friia;14
Leonor;14
Lumililja;14
Marja-Riikka;14
Sherif;14
Pihka;14
Anjatta;14
Liini;14
Catriina;14
Pike;14
Jarlsdotter;14
Aljona;14
Christianne;14
Marjo-Riina;14
Reetriikka;14
Eulaalia;14
Lija;14
Jarmila;14
Maininki;14
Sanni-Maija;14
Susi;14
Babette;14
Helmi-Riitta;14
Lou;14
Sini-Meri;14
Henna-Emilia;14
Karo;14
Gunne;14
Keth;14
Saad;14
Anu-Liina;14
Militza;14
Iida-Elina;14
Viri;14
Devi;14
Eva-Britt;14
Margalit;14
Kaya;14
Hilla-Marja;14
Manar;14
Mine;14
Elsiina;14
Elva;14
Milly;13
Anwar;13
Emriikka;13
Rafaella;13
Kaaren;13
Guadalupe;13
Aysel;13
Kaila;13
Miya;13
Giang;13
Iita-Maria;13
Leena-Maarit;13
Marintytär;13
Anervo;13
Anine;13
Meela;13
Zoë;13
Juana;13
Margurite;13
Thalia;13
Inka-Sofia;13
Heidi-Marika;13
Seni;13
Mena;13
Hedy;13
Rosa-Linda;13
Elvine;13
Krisztina;13
Bia;13
Izabell;13
Marinna;13
Tanja-Maarit;13
Kristy;13
Titta-Mari;13
Emma-Noora;13
Tiia-Riitta;13
Tiina-Elina;13
Juliska;13
Hannastiina;13
Ritja;13
Evelyne;13
Filiz;13
Maiju-Liina;13
Lindsay;13
Juhanantytär;13
Elvy;13
Hanna-Tuulia;13
Satu-Maaret;13
Vittoria;13
Anttuuna;13
Melisse;13
Sari-Hannele;13
Neah;13
Ammi;13
Amran;13
Miri;13
Amaliina;13
Jenni-Elina;13
Mileena;13
Annu-Maria;13
Asra;13
Indiana;13
Virva-Tuulia;13
Gretchen;13
Sanaa;13
Avin;13
Miliana;13
Rachelle;13
Mari-Anni;13
Reena;13
Anet;13
Ansku;13
Avelia;13
Kaija-Helena;13
Elita;13
Matja;13
Minna-Elina;13
Rika;13
Mailikki;13
Sävele;13
Marcusdotter;13
Hanna-Emilia;13
Nica;13
Jenilla;13
Rita-Maria;13
Xiang;13
Mia-Maija;13
Ludmilla;13
Sevda;13
Ida-Elina;13
Tyti;13
Canan;13
Emma-Karoliina;13
Mari-Tuulia;13
Helia;13
Kaisa-Elina;13
Raimontytär;13
Anna-Juulia;13
Ellika;13
Ema;13
Sari-Liisa;13
Leelia;13
Walpuri;13
Jayne;13
Sinem;13
Persdotter;13
Oula;13
Sergejevna;13
Gunne-Maj;13
Feodosia;13
Hamda;13
Nikoletta;13
Karliina;13
Riana;13
Aira-Liisa;13
Kadi;13
Ronja-Maria;13
Josie;13
Nene;13
Alisi;13
Dorthe;13
Gunn-Lis;13
Sofía;13
Anni-Julia;13
Ave;13
Joa;13
Sini-Johanna;13
Julitta;13
Rhonda;13
Melitta;13
Mari-Helen;13
Marice;13
Meriina;13
Rista;13
Lian;13
Outi-Mari;13
Sisko-Helena;13
Ananda;13
Zeineb;13
Hansdotter;13
Anttoniina;13
Naimo;13
Robin;13
Evgeniya;13
Hamida;13
Lucille;13
Terhi-Liisa;13
Mirja-Kaarina;13
Anrika;13
Eva-Helena;13
Hila;13
Liisa-Marjatta;13
Ruusunnuppu;13
Salla-Riikka;13
Saarah;13
Uliana;13
Eina;13
Estel;13
Aino-Sisko;13
Kaisu-Liisa;13
Meliisa;13
Louis;13
Lyra;13
Heidi-Susanna;13
Ida-Julia;13
Trinity;13
Valmu;13
Hanne-Marie;13
Leene;13
Katri-Johanna;13
Maija-Elina;13
Anseliina;13
Elham;13
Kristiin;13
Ebru;13
Fitore;13
Saido;13
Minna-Susanna;13
Saeed;13
Gillian;13
Anida;13
Tuuli-Mari;13
Enni-Lotta;13
Jaael;13
Lalita;13
Francoise;13
Kirsi-Marjaana;13
Maria-Kristiina;13
Iidamari;13
Paraskeva;13
Alja;13
Asho;13
Mallu;13
Riim;13
Anna-Carin;13
Makreeta;13
Dmitrievna;13
Réka;13
Pilke;13
Riia-Liisa;13
Gül;13
Rosette;13
Sakina;13
Yuki;13
Marya;13
Inas;13
Mirna;13
Enisa;13
Amila;13
Liisamari;13
Matroona;13
Meli;13
Miana;13
Donika;13
Hentriikka;13
Monja;13
Sharmin;13
Tarja-Terttu;13
Merelle;13
Bridget;13
Neili;13
Madelén;13
Riija;13
Sari-Maija;13
Tiivi;13
Sannika;13
Eléna;13
Alecia;13
Miryam;13
Tapanintytär;13
Anastasiya;13
Ella-Riina;13
Henrintytär;13
Sanna-Pauliina;13
Aneta;13
Aleida;13
Hashi;13
Iida-Maaria;13
Minna-Johanna;13
Bonnie;13
Iina-Lotta;13
Kaisa-Reeta;13
Mirina;13
Leenamari;13
Grethel;13
Raune;13
Feelia;13
Mansi;13
Eha;13
Saania;13
Katjusha;13
Senni-Sofia;13
Angie;13
Eva-Kristina;13
Orla;13
Ancelina;13
Kirsi-Hannele;13
Sarra;13
Viivi-Lotta;13
Anuriikka;13
Outi-Marja;13
Sara-Marie;13
Fathi;13
Frieda;13
Karela;13
Roosa-Maija;13
Mario;13
Suvi-Pauliina;13
Familia;13
Ann-Viol;13
Engeliina;13
Kristianna;13
Lis-Maj;13
Ágnes;13
Hilla-Mari;13
Zita;13
Mafalda;13
Svitlana;13
Hashim;13
Merja-Terttu;13
Anthea;13
Sanna-Tuulia;13
Anu-Pauliina;12
Eman;12
Päivi-Maarit;12
Aleksejevna;12
Rabab;12
Tiia-Marika;12
Anzelika;12
Gullveig;12
Urve;12
Maivor;12
Ketsia;12
Nicol;12
Satu-Kristiina;12
Maria-Emilia;12
Jasemin;12
Sirikli;12
Katerine;12
Kimete;12
Suvimarja;12
Fowsia;12
Gundborg;12
Jytte;12
Shukrije;12
Teila;12
Almida;12
Jippu;12
Merja-Helena;12
Ildiko;12
Oona-Sofia;12
Sesilja;12
Vianna;12
M.;12
Andreea;12
Maritha;12
Aurore;12
Jenni-Maija;12
Mui;12
Almina;12
Milica;12
Sini-Maaret;12
Neetta;12
Sara-Tuuli;12
Arya;12
Biret;12
Eirin;12
Emmi-Liina;12
Ariadna;12
Iida-Eveliina;12
Kitti;12
Päivi-Elina;12
Selmi;12
Havanna;12
Meral;12
Daphne;12
Dong;12
Hedi;12
Satu-Marjaana;12
Atlanta;12
Nawaal;12
Sandi;12
Serita;12
Marja-Sinikka;12
Zilan;12
Anna-Mariia;12
Sinimaria;12
Eila-Maria;12
Sirina;12
Meerika;12
Myrtel;12
Sennu;12
Barbi;12
Aliza;12
Ippa;12
Deanna;12
Felice;12
Nella-Noora;12
Ritu;12
Aleftina;12
Gertrude;12
Precious;12
Elli-Ilona;12
Julienne;12
Juuliska;12
Ann-Louis;12
Jesmiina;12
Madlena;12
Maij-Lis;12
Christell;12
Debbie;12
Sharona;12
Kasmiira;12
Noora-Sofia;12
Terri;12
Krenare;12
Maj-Viol;12
Anna-Linnea;12
Avella;12
Herta;12
Kide;12
Mette-Maaria;12
Sansa;12
Tosca;12
Kati-Maarit;12
Aagot;12
Safiyo;12
Patrica;12
Adelma;12
Margeta;12
Piia-Maarit;12
Kreetta-Liisa;12
Liisa-Kaarina;12
Mariliisa;12
Kaijaleena;12
Samina;12
Hayat;12
Leida;12
Filomena;12
Maisu;12
Melania;12
Salih;12
Anssintytär;12
Anela;12
Enea;12
Amélia;12
Piia-Riikka;12
Riinu;12
Anvi;12
Lumiella;12
Jenna-Maaria;12
Pami;12
Valentinovna;12
Haji;12
Niina-Kaisa;12
Emanuela;12
Papu;12
Sisko-Riitta;12
Emmeliina;12
Tuulimaria;12
Chatrin;12
Lada;12
Rinesa;12
Seraphina;12
Tikva;12
Yuan;12
Annemaj;12
Giada;12
Mai-Brit;12
Elga;12
Saara-Elina;12
Sanna-Reetta;12
Heini-Marja;12
Delal;12
Mari-Sisko;12
Michell;12
Lam;12
Suraya;12
Anne-Sofie;12
Kirsi-Marika;12
Maisie;12
Leonita;12
Miski;12
Roswitha;12
Shari;12
Emeli;12
Cleo;12
Netta-Maria;12
Nikole;12
Luminea;12
Tiia-Sofia;12
Eeli;12
Jerica;12
Kübra;12
Magnolia;12
Anele;12
Semra;12
Kateryna;12
Marida;12
Florencia;12
Kirsi-Liisa;12
Luljeta;12
Cathy;12
Meriella;12
Saralia;12
Helleka;12
Eirene;12
Jenni-Liisa;12
Ting;12
Avalon;12
Pertta;12
Therèse;12
Akua;12
Anna-Marjatta;12
Leela;12
Amela;12
Muhiadin;12
Osmontytär;12
Winnie;12
Hanin;12
Sanya;12
Anjuli;12
Janett;12
Maijukka;12
Mirena;12
Lumnije;12
Roosa-Marja;12
Lusia;12
Jillian;12
Pirkko-Helena;12
Dara;12
Elna-Maria;12
Tanjaana;12
Seri;12
Charlot;12
May-Gret;12
Benina;12
Jeniina;12
Tiinamaija;12
Akiliina;12
Ala;12
Adama;12
Marttina;12
Maiju-Liisa;12
Sarleena;12
Anne-Marit;12
Inga-Maarit;12
Kati-Mari;12
Meredith;12
Vlora;12
Sanita;12
Wangui;12
Aye;12
Gunni-Maj;12
Rachida;12
Seda;12
Wiliina;12
Päivi-Riitta;12
Anesa;12
Raile;12
Nella-Sofia;12
Abdikarim;12
Abdinasir;12
Tiia-Leena;12
Theresé;12
Farhio;12
Sävel;12
Magga;12
Sini-Marika;12
Inga-Lena;12
Annely;12
Besarta;12
Seren;12
Habib;12
Neele;12
Werna;12
Teresita;12
Soli;12
Brynhild;12
Doreen;12
Liljen;12
Heidi-Marja;12
Briana;12
Neva;12
Blerina;12
Julienna;12
Salvia;12
Jouki;12
Luul;12
Milla-Riikka;12
Romana;12
Sessa;12
Ullrika;12
Vinja;12
Anisia;12
Lalla;12
Rena;12
Bile;12
Kasperiina;12
Mulki;12
Felicity;12
Abena;12
Riona;12
Sandrine;12
Rosa-Liina;12
Amara;12
Soheila;12
Emel;12
Fen;12
Patrice;12
Lotta-Riina;12
Ann-Cristin;12
Eveli;12
Anima;12
Jette;12
Anu-Marja;12
Sofia-Maria;12
Nataliina;12
Aino-Helena;12
Marguerita;12
Nadina;12
Terhi-Tuulikki;12
Aadaliina;12
Emmeline;12
Caren;11
Marja-Reetta;11
Minca;11
Achieng;11
Almaz;11
Ildikó;11
Aidi;11
Michella;11
Satu-Marika;11
Corina;11
Haley;11
Sahara;11
Aliya;11
Hillamari;11
Milva;11
Tiiamaria;11
Alaa;11
Gungerd;11
Graciela;11
Moona-Maria;11
Jeminna;11
Eija-Anneli;11
Mirika;11
Mirta;11
Mohamad;11
Riina-Lotta;11
Anabella;11
Emma-Roosa;11
Pella;11
Qing;11
Tuuli-Anna;11
Nora-Maria;11
Fatimah;11
Niklasdotter;11
Guldine;11
Awil;11
Milka-Maria;11
Khadro;11
Jolene;11
Gerli;11
Monalisa;11
Sofiya;11
Eija-Elina;11
Aamutähti;11
Anni-Riitta;11
Nina-Marie;11
Arja-Terttu;11
Tuula-Marjatta;11
Eeva-Marjatta;11
Gullbritt;11
Junita;11
Talia;11
Alfina;11
Kirsi-Marie;11
Anne-Birgitta;11
Götha;11
Lippe;11
Mollie;11
Saramaria;11
Rose-Maria;11
Peter;11
Anna-Maaret;11
Ingrit;11
Ella-Olivia;11
Elouise;11
Lindis;11
Lumikirsikka;11
Ewelina;11
Joukontytär;11
Mila-Maria;11
Ashraf;11
Suzette;11
Valvi;11
Iloisa;11
Michael;11
Nefeli;11
Omenankukka;11
Eevariitta;11
Danielsdotter;11
Heli-Maaria;11
Raika;11
Anna-Christina;11
Paula-Riitta;11
Eile;11
Heidy;11
Riikkamari;11
Synneve;11
Sahal;11
Piia-Johanna;11
Sofiella;11
Yassin;11
Samir;11
Iitamari;11
Inja;11
Antigona;11
Minnamaija;11
Satu-Tuulia;11
Vania;11
Helmi-Ilona;11
Katjana;11
Kaisaliisa;11
Leea-Maria;11
Sanaz;11
Lore;11
Sulotar;11
Cheyenne;11
Maj-Louise;11
Pirjo-Helena;11
Eva-Maj;11
Ivonne;11
Lilyan;11
Qian;11
Emmakaisa;11
Meri-Anna;11
Nataly;11
Anna-Eliisa;11
Tarja-Sisko;11
Stigsdotter;11
Ullastiina;11
Rosali;11
Safi;11
Sisi;11
Hero;11
Iina-Kaisa;11
Evilda;11
Raija-Sisko;11
Miia-Leena;11
Sadio;11
Anumari;11
Inkariina;11
Lori;11
Meeri-Maria;11
Jenni-Maaria;11
Jordan;11
Mari-Kaarina;11
Lotta-Liina;11
Katriine;11
Niina-Liisa;11
Saarai;11
Diellza;11
Minna-Helena;11
Nanda;11
Pia-Christina;11
Taina-Liisa;11
Amino;11
Ann-Helene;11
Herdis;11
Thy;11
Wangari;11
Christabel;11
Gentiana;11
Farhiya;11
Hilli;11
Aadalmiina;11
Anielka;11
Ulla-Maja;11
Denisa;11
Mirke;11
Astrea;11
Olegovna;11
Lirije;11
Tuija-Maija;11
Mari-Sanna;11
Aino-Liina;11
Yasin;11
Ahlam;11
Miritza;11
Satu-Marjut;11
Asrin;11
Joenna;11
Safiina;11
Sine;11
Eleana;11
Nina-Marika;11
Sadehelmi;11
Outi-Katariina;11
Prisca;11
Yemina;11
Lillevi;11
Jacinda;11
Lisel;11
Maurita;11
Tawfik;11
Ulla-Christina;11
Anna-Sara;11
Heelmä;11
Rispa;11
Mia-Riikka;11
Reijontytär;11
Andeliina;11
Hanna-Elisa;11
Ireena;11
Kaisla-Kerttu;11
Heli-Johanna;11
Avena;11
Pyry;11
Riham;11
Candice;11
Hibaaq;11
Ophelia;11
Shahnaz;11
Evely;11
Saija-Riitta;11
Gracia;11
Eva-Kaisa;11
Martta-Liisa;11
Miimi;11
Anica;11
Markusdotter;11
Saila-Maria;11
Suvi-Pilvi;11
Hanne-Maaria;11
Ida-Lina;11
Aveliina;11
Mari-Sofia;11
Mirabelle;11
Emmeli;11
Helmililja;11
Kamal;11
Maria-Johanna;11
Nea-Mari;11
Erda;11
Mara;11
Melani;11
Märit;11
Fannie;11
Anna-Miia;11
Anna-Mia;11
Fabiola;11
Marinette;11
Nazanin;11
Eila-Sisko;11
Octavia;11
Tarja-Anneli;11
Oihonna;11
Jacoba;11
Kirstin;11
Ikhlas;11
Kaitlin;11
Áile;11
Lillan;11
Fatuma;11
Genevieve;11
Helve;11
Pirjo-Kaarina;11
Defne;11
Riikka-Sisko;11
Reija-Leena;11
Dareia;11
Nina-Johanna;11
Annarosa;11
Evangelina;11
Imane;11
Immikki;11
Milja-Emilia;11
Siime;11
Lonny;11
Rosana;11
Cami;11
Himmi;11
Vanni;11
Arline;11
Francilia;11
Sini-Mari;11
Vu;11
Pirve;11
Mona-Liisa;11
Tittamari;11
Sari-Sisko;11
Aino-Kaarina;11
Ida-Annika;11
Liina-Kaisa;11
Rochelle;11
Eevaliina;11
Trina;11
Agne;11
Diona;11
Soleil;11
Arisa;11
Elenora;11
Raine;11
Afnaan;11
Catja;11
Pirkko-Maija;11
Jazmin;11
Eevi-Maria;11
Graziella;11
Priskilla;11
Shima;11
Tuija-Maria;11
Iissa;11
Shiri;11
Malene;11
Neli;11
Helmi-Lilja;11
Kaija-Sisko;11
Stanislava;11
Tricia;11
Zena;11
Henje;11
Meliida;11
Nala;11
Valonia;11
Helmiida;11
Anessa;11
Inkaliina;11
Hilpa;11
Maisi;11
Anni-Liina;11
Tonya;11
Anu-Johanna;11
Bosdotter;11
Kustava;11
Christella;11
Aunetta;11
Desiren;11
Hanna-Stiina;11
Minnaleena;11
Lis-Beth;11
Meeli;11
Sema;11
Aldi;11
Daniéla;11
Sinea;11
Saleh;11
Lakshmi;11
Mathea;11
Annentytär;11
Chrisse;11
Tyttö;11
Aino-Elisa;11
Hanna-Katriina;11
Vlada;11
Meri-Tuulikki;11
Saadia;11
Chun;11
Zuzanna;11
Loreta;11
Katjusa;11
Hinda;11
Nnenna;11
Riita;11
Majgret;11
Merissa;11
Zlata;11
Adelmiina;11
Lembi;11
Lotta-Leena;11
Ella-Emilia;11
Eija-Marja;11
Ingbritt;11
Rosamari;11
Cathrina;11
Kaltrina;11
Shu;11
Aalo;11
Haddy;11
Jolin;11
Juuli-Maria;11
Anna-Greetta;11
Sinipilvi;11
Anni-Riina;11
Jonna-Kaisa;11
Miia-Riina;11
Noëlle;11
Roosaliina;11
Dakota;11
Fransesca;11
Merliina;11
Mikael;11
Saraliina;11
Terésia;11
Tabassum;11
Cordelia;11
Gul;11
Kata-Riina;11
Nathali;11
Vendi;11
Zoey;11
Emmi-Karoliina;11
Liane;11
Riikka-Susanna;11
Ann-Charlotta;11
Katianna;11
Mia-Liisa;11
Aba;11
Della;11
Outi-Maaria;11
Benedicta;11
Caisha;11
Emiliana;11
Edviina;11
Sita;11
Anu-Marika;11
Eszter;11
Marjoriina;10
Riikka-Elina;10
Pui;10
Piparminttu;10
Giia;10
Tiira;10
Aale;10
Haidi;10
Jadette;10
Duong;10
Elssi;10
Erla;10
Hanna-Marie;10
Thérése;10
Eeva-Liina;10
Pia-Helena;10
Sini-Päivi;10
Sulamith;10
Minja-Maria;10
Waldine;10
Wing;10
Diandra;10
Kairi;10
Antonietta;10
Lieu;10
Hanni-Mari;10
Marie-Charlotte;10
Françoise;10
Iwona;10
Kenza;10
Mattiina;10
Satumarja;10
Simin;10
Anna-Kerttu;10
Mireia;10
Nenja;10
Reini;10
Aminah;10
Estela;10
Iina-Riikka;10
Jemila;10
Jona;10
Wivan;10
Miima;10
Anni-Roosa;10
Idaliina;10
Hazal;10
Erita;10
Ancelica;10
Kai;10
Pirje;10
Helmi-Elisa;10
Saleban;10
Eeva-Maarit;10
Merja-Anneli;10
Reija-Riitta;10
Sari-Minna;10
Elisse;10
Hanna-Laura;10
Ilsa;10
Saffron;10
Calista;10
Maile;10
Marie-Ann;10
Petra-Pauliina;10
Sallamaarit;10
Rianne;10
Sabrine;10
Anikka;10
Bria;10
Dounia;10
Essie;10
Mirita;10
Satu-Leena;10
Ane;10
Ninel;10
Tulan;10
Vladislava;10
Angeliki;10
Kataliina;10
Emmaliisa;10
Ingalis;10
Kha;10
Sofina;10
Eija-Helena;10
Sara-Maaria;10
Ganimete;10
Minnakaisa;10
Regine;10
René;10
Justyna;10
Kirsimari;10
Pirjoriitta;10
Vilma-Maria;10
Virna;10
Manon;10
Marjo-Reetta;10
Auringonkukka;10
Véronique;10
Hanne-Riikka;10
Hento;10
Ninni-Maria;10
Cinderella;10
Shpresa;10
Anna-Rosa;10
Ulla-Terttu;10
Kezia;10
Outi-Elina;10
Abdiweli;10
Maggi;10
Heloise;10
Jabbar;10
Bricella;10
Ching;10
Rima;10
Sanna-Elina;10
Ismontytär;10
Chira;10
Anne-Louise;10
Seere;10
Marilin;10
Minni-Maria;10
Setareh;10
Kadriye;10
Anni-Maarit;10
Arietta;10
Franseska;10
Kawthar;10
Mali;10
Adi;10
Hannika;10
Lul;10
Sissy;10
Valbone;10
Marja-Tuulia;10
Alviira;10
Helka-Maria;10
Chen;10
Safaa;10
Sila;10
Avelina;10
Cindi;10
Desirè;10
Imelda;10
Marjo-Rita;10
Terella;10
Henja;10
Sheida;10
Elaisa;10
Kaisa-Helena;10
Antonie;10
Jannice;10
Heide;10
Noémie;10
Tuittu;10
Virpi-Maria;10
Alwan;10
Anne-Lie;10
Indigo;10
Sanna-Helena;10
Anne-Sophie;10
Arja-Helena;10
Joeliina;10
Márta;10
Yvonn;10
Ann-Chatrine;10
Jutta-Mari;10
Silja-Maaria;10
Tuula-Mari;10
Alliina;10
Aurélie;10
Eléonore;10
Terttu-Maija;10
Mohamuud;10
Jelizaveta;10
Maria-Christina;10
Sanna-Kaija;10
Aia;10
Anna-Ulla;10
Ida-Eveliina;10
Pentintytär;10
Saabiriin;10
Anemone;10
Kareniina;10
Tho;10
Nasteeho;10
Pia-Carita;10
Seija-Sinikka;10
Gennadjevna;10
Türkan;10
Oo;10
Heini-Maaria;10
Agape;10
Darlene;10
Tiia-Emilia;10
Tenhikki;10
Enni-Maija;10
Pandora;10
Roosa-Sofia;10
Taru-Leena;10
Heta-Stiina;10
Leontina;10
Margrete;10
Pouta;10
Vilja-Tuulia;10
Leili;10
Vita;10
Ayten;10
Maija-Stina;10
Liridona;10
Sinerva;10
Tarja-Maarit;10
Grazia;10
Lani;10
Maria-Pia;10
Sannimaria;10
Terhen;10
Veronique;10
Anjelica;10
Angeles;10
Elli-Nora;10
Nela;10
Siria;10
Elli-Marja;10
Nelli-Sofia;10
Veera-Liisa;10
Özlem;10
Alita;10
Raija-Maija;10
Erva;10
Cathryn;10
Thordis;10
Yada;10
Jadele;10
Kaisamaija;10
Leini;10
Seyedeh;10
Tuula-Kaarina;10
Eeva-Johanna;10
Mika;10
A;10
Mushtak;10
Rasha;10
Sallariina;10
Sirene;10
Ye;10
Deciree;10
Katri-Elina;10
Malia;10
Nima;10
Peeta;10
Anne-Riikka;10
Hadi;10
Randi;10
Anna-Loviisa;10
Aulona;10
Inki;10
Päivintytär;10
Frida-Maria;10
Jenna-Emilia;10
Shahin;10
Awuor;10
Bertina;10
Kirsti-Maija;10
Merisa;10
Kalinka;10
Wilina;10
Annsofi;10
Heidi-Johanna;10
Hildegund;10
Liisa-Maaria;10
Wilma-Lotta;10
Friederike;10
Deeqo;10
Jonna-Marika;10
Miia-Johanna;10
Leoni;10
Basma;10
Taija-Maria;10
Janeth;10
Miralda;10
Elo;10
Kaia;10
Gullborg;10
Pinar;10
Janira;10
Nessi;10
Nuria;10
Jade-Maria;10
Meryam;10
Galadriel;10
Ikraan;10
Rozalia;10
Tuong;10
Akram;10
Dionne;10
Heile;10
Mire;10
Suska;10
Yuk;10
Donata;10
Elisa-Maria;10
Fanni-Maria;10
Inka-Liina;10
Elsi-Maj;10
Jenissa;10
Meri-Maija;10
Reem;10
Divine;10
Aino-Marjatta;10
Eila-Kaarina;10
Kasimiira;10
Elmedina;10
Anu-Tuulia;10
Satu-Anna;10
Keea;10
Razia;10
Christa-Maria;10
Cemile;10
Hilkka-Leena;10
Marcia;10
Ella-Riikka;10
Evilla;10
Heidi-Hannele;10
Meri-Sisko;10
Sinituulia;10
Shahad;10
Zakia;10
Maria-Elisa;10
Tarja-Maija;10
Tuula-Leena;10
Kari;10
Miselle;10
Anouk;10
Tiinakaisa;10
Fakher;10
Milla-Riitta;10
Shqipe;10
Adjoa;10
Hentriika;10
Fang;10
Grigorjevna;10
Ida-Liina;10
Sulina;10
Toma;10
Shirel;10
Diep;10
Be;10
Jalna;10
Dan;10
Eevantytär;10
Rosalyn;10
Marjo-Hannele;10
Si;10
Vilpiina;10
Saraste;10
Sumeja;10
Aksana;10
Aleksanda;10
Kaire;10
Amorina;10
Niitty;10
Selen;10
Emilié;10
Anna-Lovisa;10
Anneliese;10
Anna-Roosa;10
Susu;10
Viivi-Sofia;10
Muthoni;10
Anni-Eveliina;10
Catarine;10
Svenja;10
Havina;10
Heli-Sisko;10
Kaddy;10
Mursal;10
Sirpa-Helena;10
Taija-Leena;10
Göransdotter;10
Anni-Pauliina;10
Williina;10
Eugénie;10
Outi-Leena;10
Sari-Marjut;10
Anna-Johanna;10
Kavita;10
Kylie;10
Mirel;10
Satu-Riitta;10
Lai;10
Miina-Liisa;10
Mery;10
Agnetta;10
Heidi-Marie;10
Hinriikka;10
Marjo-Helena;10
Karim;10
Mariem;10
Sisilia;10
Felicitas;10
Julieta;10
Farahnaz;10
Felia;10
Eva-Sofia;10
Jennamari;10
Eppu;10
Marienna;10
Merjem;10
Milla-Roosa;10
Heba;10
Ina-Sofia;10
Askontytär;10
Merima;10
Lassentytär;10
Suha;10
Aino-Lotta;10
Alexandrovna;10
Nina-Liisa;10
Piippa;10
Sarafiina;10
Niina-Maija;10
Wanessa;10
Gry;10
Vaulikki;10
Fabienne;10
Myrtle;10
Saiga;10
Sofya;10
Evanna;10
