Juhani;291 400
Olavi;147 324
Antero;142 641
Tapani;137 688
Johannes;137 482
Tapio;117 650
Kalevi;101 614
Mikael;100 874
Matti;84 252
Pekka;81 204
Petteri;73 204
Ilmari;71 452
Sakari;65 997
Matias;62 520
Antti;56 902
Juha;54 957
Heikki;54 256
Kristian;51 825
Timo;50 344
Kari;46 708
Mikko;46 173
Markus;43 316
Jukka;41 259
Kalervo;41 220
Jari;41 125
Markku;40 381
Jaakko;39 206
Aleksi;38 958
Petri;37 254
Erkki;37 017
Mika;36 791
Veikko;36 106
Oskari;35 955
Lauri;35 854
Hannu;35 578
Henrik;35 462
Seppo;35 354
Ville;33 097
Ensio;31 363
Pentti;31 294
Ari;30 457
Janne;30 098
Marko;29 814
Valtteri;29 296
Tuomas;28 099
Sami;27 744
Martti;26 755
Eero;26 697
Juho;26 547
Jorma;25 047
Erik;24 943
Jani;24 214
Samuli;23 598
Elias;23 112
Jussi;22 620
Harri;22 585
Risto;22 526
Raimo;22 359
Teemu;21 748
Eemeli;21 715
Pertti;21 401
Veli;21 214
Jarmo;20 982
Esa;20 598
Esko;20 480
Onni;20 230
Eino;20 202
Pasi;19 510
Jouni;19 485
Arto;19 368
Jouko;19 176
Reijo;19 024
Vesa;18 746
Olli;18 608
Samuel;18 467
Paavo;18 446
Niko;18 391
Kalle;18 108
Joonas;18 017
Toni;17 613
Armas;17 240
Toivo;17 125
Johan;16 650
Kimmo;16 341
Santeri;16 216
Tomi;16 103
Viljami;15 966
Emil;15 434
Henri;15 434
Joni;15 315
Tero;15 126
Leo;15 078
Tommi;15 071
Pauli;15 004
Ilkka;14 762
Väinö;14 694
Eetu;14 169
Uolevi;13 971
Otto;13 495
Ilari;13 425
Aulis;13 320
Daniel;13 181
Sebastian;13 108
Tuomo;13 106
Oliver;12 969
Jarkko;12 641
Jalmari;12 499
Alexander;12 195
Jesse;12 114
Aleksanteri;12 068
Anton;12 060
Eemil;11 714
Joona;11 578
Simo;11 050
Keijo;10 967
Einari;10 861
Vilho;10 847
Allan;10 839
Kullervo;10 789
Kauko;10 687
Arttu;10 676
Reino;10 660
Akseli;10 618
Jere;10 557
Lasse;10 512
Juuso;10 394
Mauri;10 156
Jyrki;10 126
Kaarlo;10 057
Christian;9 985
Niilo;9 634
Joel;9 584
Yrjö;9 455
Jan;9 452
Aukusti;9 410
Julius;9 396
Aarne;9 320
Niklas;9 250
Kai;9 237
Benjamin;9 196
Leevi;9 088
Tauno;8 972
Aki;8 902
Juhana;8 762
Artturi;8 682
Miika;8 671
Riku;8 480
Karl;8 466
Teuvo;8 422
Rauno;8 190
Elmeri;8 133
Peter;8 032
Jarno;7 950
Rasmus;7 753
Hermanni;7 739
Arvo;7 675
Eerik;7 663
Vilhelm;7 590
Ossi;7 559
Veeti;7 511
Topias;7 503
Osmo;7 484
Aaro;7 467
Viljo;7 382
Veijo;7 365
Taisto;7 358
Valdemar;7 311
Joonatan;7 182
Rainer;7 153
Aatos;7 080
Ismo;7 079
Anssi;6 946
Robert;6 875
Aimo;6 870
Patrik;6 727
Anders;6 697
Henry;6 694
Asko;6 550
Atte;6 504
Roope;6 500
Henrikki;6 340
Eelis;6 199
Taneli;6 065
Edvard;5 925
Miro;5 830
Aapo;5 750
Ahti;5 748
Mauno;5 728
Samu;5 707
Lassi;5 683
Iisakki;5 623
Oiva;5 560
Kustaa;5 534
Kim;5 524
Aaron;5 444
Lars;5 437
Tuukka;5 419
Oskar;5 394
Verneri;5 325
Vihtori;5 321
Aarre;5 313
Andreas;5 200
Alpo;5 198
Kasper;5 172
Tarmo;5 149
Rafael;5 125
Fredrik;5 067
Topi;5 043
Miikka;5 022
Alex;5 019
Wilhelm;4 973
August;4 939
Unto;4 905
Kasperi;4 847
Albert;4 813
Vili;4 756
Urho;4 730
Sulo;4 686
Ilpo;4 683
Herman;4 650
Aatu;4 646
Nikolai;4 641
Sauli;4 632
Kyösti;4 618
Jimi;4 612
Konsta;4 609
Tatu;4 555
Roni;4 554
Gunnar;4 525
Jyri;4 489
Joakim;4 475
Kaj;4 430
Gustav;4 384
Michael;4 316
Tom;4 302
Carl;4 244
Saku;4 210
Heimo;4 193
Severi;4 177
Max;4 147
Iivari;4 114
Veikka;4 105
Veli-Matti;4 094
Rikhard;4 045
William;3 973
Hans;3 835
Arvi;3 788
Voitto;3 734
Pellervo;3 729
Iiro;3 722
Pietari;3 663
Rami;3 659
Martin;3 650
Jonne;3 646
Alvar;3 624
John;3 624
Thomas;3 585
Eeli;3 536
Hannes;3 524
Olof;3 518
Axel;3 486
Viktor;3 457
Harry;3 445
Pyry;3 421
Göran;3 406
Jeremias;3 402
Juha-Pekka;3 386
Frans;3 382
Hugo;3 374
Paul;3 341
Miska;3 333
Sampo;3 324
Teppo;3 316
Leif;3 308
Otso;3 234
Stefan;3 202
Nils;3 183
Jami;3 162
Nico;3 154
Aku;3 116
Päiviö;3 097
Jukka-Pekka;3 096
Lenni;3 052
Aarno;3 038
Paavali;3 006
Oscar;3 004
Tony;2 944
Perttu;2 931
Gabriel;2 916
Arvid;2 875
Miko;2 812
Aleksander;2 797
Veli-Pekka;2 788
Anselmi;2 760
Urpo;2 739
Luukas;2 733
Santtu;2 731
Krister;2 729
Untamo;2 727
Tomas;2 717
Alfred;2 697
Jonas;2 689
Luka;2 640
Edvin;2 586
Christer;2 583
Terho;2 583
Eljas;2 578
Richard;2 577
Nestori;2 561
Panu;2 541
Sven;2 520
Robin;2 513
Jasper;2 509
Eerikki;2 482
Lennart;2 462
Klaus;2 458
Viljam;2 417
Marcus;2 404
Magnus;2 390
Mathias;2 369
Juha-Matti;2 359
Bengt;2 343
Waltteri;2 338
Nuutti;2 328
Olli-Pekka;2 304
Jonathan;2 303
Patrick;2 301
Stig;2 295
Nooa;2 290
Reima;2 269
Kenneth;2 262
Kaleva;2 238
Aarni;2 205
Mattias;2 195
Jesper;2 190
Rolf;2 176
Ali;2 165
Eevert;2 153
Teijo;2 150
Aapeli;2 134
Lucas;2 126
Alarik;2 121
Evert;2 099
Noel;2 095
Tino;2 086
Eliel;2 082
Einar;2 079
Ossian;2 070
Kurt;2 023
Mats;2 021
Petter;2 017
Lari;1 954
Peetu;1 943
Lukas;1 939
Asser;1 935
Mohamed;1 908
Justus;1 907
Sisu;1 906
Kaapo;1 897
Tommy;1 887
Tenho;1 884
Per;1 880
Håkan;1 873
Helge;1 860
Eric;1 855
Ukko;1 851
Antton;1 844
Anttoni;1 836
Taavi;1 831
Taavetti;1 821
Åke;1 800
Tobias;1 788
Karri;1 782
Valter;1 759
Gustaf;1 752
Ari-Pekka;1 750
David;1 744
Manu;1 743
Bo;1 718
Leonard;1 715
Verner;1 693
Felix;1 689
Roger;1 686
Ralf;1 684
Björn;1 678
Erno;1 672
Heino;1 661
Kaarle;1 654
Simon;1 653
Sulevi;1 620
Jori;1 619
Aleksis;1 610
Luca;1 564
Kosti;1 561
Elmo;1 548
Birger;1 547
Jonatan;1 543
Valentin;1 512
Touko;1 511
Bernhard;1 511
Jerry;1 487
Dan;1 485
Christoffer;1 480
Albin;1 470
Rauli;1 460
Jan-Erik;1 443
Jalo;1 442
Kimi;1 437
Tuure;1 435
Raine;1 435
Aslak;1 433
Börje;1 431
Victor;1 430
Elis;1 409
Timi;1 382
Ingmar;1 366
Casper;1 364
Salomon;1 360
Bror;1 360
Vertti;1 360
Ulf;1 354
Adam;1 346
Georg;1 345
Ilmo;1 340
Nikolas;1 335
Jari-Pekka;1 332
Edward;1 322
Harald;1 322
Auvo;1 319
Jarl;1 299
Iikka;1 257
Alf;1 254
Taito;1 253
Jiri;1 212
Mico;1 211
Ahmed;1 206
Waldemar;1 205
Linus;1 203
Kristoffer;1 198
Petrus;1 198
Jooa;1 190
Väinämö;1 188
Eemi;1 180
Rudolf;1 169
Arthur;1 160
Kevin;1 159
Adolf;1 159
Sampsa;1 159
Arne;1 147
Valto;1 143
Alvari;1 137
Vilhelmi;1 137
Kasimir;1 107
Isak;1 098
Visa;1 094
Jens;1 092
Altti;1 082
Walter;1 081
Uljas;1 071
Nicolas;1 048
Erkka;1 046
Christopher;1 036
Kjell;1 036
Helmer;1 033
Milo;1 031
Torsten;1 027
Holger;1 022
Filip;1 017
Tor;1 013
Iisak;1 012
Emanuel;997
Ville-Veikko;992
Bertel;990
Niclas;983
Isto;980
Nicholas;973
Niki;973
Ragnar;971
André;969
James;966
Jooseppi;962
Ole;945
Aatto;942
Marco;937
Hjalmar;930
Elia;920
Eevertti;909
Paulus;903
Viking;900
Vincent;899
Bjarne;898
Ben;898
Usko;897
Torsti;895
Adrian;894
Artur;885
Noah;882
Jose;869
Tiitus;865
Konstantin;865
Jakob;860
Benjam;850
Asseri;850
Aksel;846
Joose;837
Johnny;835
Cristian;831
Roy;831
Simeon;830
Jon;828
Jimmy;824
Antonio;821
Uuno;819
Okko;815
Sakarias;808
Vesa-Matti;807
Elmer;806
Teo;805
Wiljami;804
Miikkael;792
Valfrid;789
Ove;788
Jussi-Pekka;787
Ivar;787
Osvald;785
Yrjänä;785
Hemmo;782
Dennis;764
Leon;761
Leander;759
Kauno;753
Alfons;752
Andrei;750
Sasu;750
Oula;743
Olav;740
Teodor;735
Gösta;732
Benjami;719
Arimo;719
Mauritz;719
Maximilian;715
Anselm;710
Roland;705
Boris;702
Valtter;698
Rune;696
Niila;695
Turo;694
Atso;694
Anthony;688
Aron;687
Frank;687
Jim;684
Miikael;683
Jörgen;673
Marius;672
Into;669
Ylermi;665
Noa;664
Tim;663
Elliot;662
Runar;662
Jonni;654
Toimi;653
Ferdinand;648
Manuel;647
Dimitri;645
Ilja;642
Ernst;637
Antinpoika;634
Bruno;633
Aamos;630
Guy;629
Erland;629
Raino;627
Herbert;621
Mark;619
Joachim;617
Evald;614
Liam;612
Rene;612
Immanuel;612
Bertil;607
Arno;604
Ruben;604
Jeremia;604
Nestor;603
Reko;601
Mio;600
Casimir;599
Jesperi;594
Micael;590
Yngve;589
Eugen;585
Valo;581
Romeo;581
Petja;578
Sten;577
Matts;573
Tage;568
Venni;566
Sameli;566
Philip;565
Sam;564
Amos;562
Iivo;561
Werner;560
Orvo;553
Eppu;553
Fabian;553
Hassan;550
Mirko;545
Charles;542
Julian;542
Vesa-Pekka;540
Ville-Pekka;538
Pontus;538
Soini;536
Omar;536
Juri;536
Pekko;535
Juhanpoika;533
Miki;531
Aleksei;529
Arnold;525
Klas;521
Matinpoika;519
Valde;517
Kaino;517
Antto;517
Reinhold;517
Aatami;516
Otava;515
Sylvester;514
Salomo;512
Vladimir;512
Nicklas;511
Zacharias;511
Raineri;510
Kent;509
Hilding;505
Jean;505
Theo;503
Dani;503
Jacob;503
Torbjörn;502
Arsi;501
Ibrahim;499
Jasu;495
Karl-Erik;492
Kari-Pekka;485
Esaias;482
Antti-Jussi;482
Joosua;482
Torvald;481
Ingemar;481
Maunu;477
Turkka;474
Abdi;473
Torolf;470
Helmeri;465
Svante;464
Aadolf;463
Ronny;462
Mohammed;462
Ludvig;458
Osku;454
Kaius;454
Jare;450
Villiam;449
Samppa;449
Antti-Pekka;444
Mohammad;442
Sigurd;441
Wille;438
Wiljam;437
Asmo;437
Sergei;436
Mikonpoika;435
Hemming;431
Theodor;429
Sune;429
Abdullahi;427
Ivan;427
Jaro;426
Per-Erik;424
Hemminki;424
Vilppu;423
Mainio;420
Mertsi;419
Jonny;417
Karl-Johan;417
Neo;416
Andrew;414
Mårten;414
Folke;413
Kusti;412
Urmas;410
Knut;409
Josef;406
Akusti;406
Ola;401
Berndt;400
Abdirahman;400
Karim;397
Aake;395
Aleksandr;395
Jalmar;394
Sixten;393
Timonpoika;389
Erkko;387
Joseph;387
Mikke;386
Bernt;381
Aappo;381
Valio;380
Pirkka;372
Lars-Erik;372
Carl-Johan;371
Igor;370
Herkko;367
Ville-Petteri;366
Sture;365
Augusti;365
Kaspian;364
Pietu;364
Aarto;364
Nino;361
Jukanpoika;358
Maxim;357
Joa;356
George;355
Abraham;354
Joshua;352
Werneri;349
Heikinpoika;347
Kuisma;344
Edwin;343
Jack;343
Pekanpoika;343
Ernesti;342
Hussein;341
Pete;340
Ingvar;339
Petro;339
René;339
Jarinpoika;338
Karo;337
Ohto;334
Matteus;334
Van;333
Rickard;332
Immo;332
Nikodemus;331
Sigfrid;331
Kennet;331
Maurits;328
Elo;327
Ingvald;326
Mitja;326
Benny;325
Jason;324
Pavel;324
Staffan;323
Matthew;323
Kristofer;321
Esa-Pekka;321
Konrad;320
Amir;320
Aate;318
Maximus;316
Eeti;311
Jaani;308
Jetro;308
Sören;307
Manne;306
Alvin;306
Ville-Matti;305
Hannu-Pekka;303
Alexis;302
Totti;302
Olle;302
Tore;302
Jari-Matti;302
Rurik;301
Alexandre;300
Leopold;298
Uno;297
Roman;295
Fjalar;294
Denis;294
Dick;293
Ari-Matti;293
Elof;292
Nikke;292
Ahmad;291
Samir;289
Juho-Pekka;288
Carlos;286
Rauni;284
Karinpoika;284
Leonardo;284
Hannunpoika;284
Huugo;282
Edgar;282
Hemmi;280
Levi;280
Dominic;279
Nikita;279
Alexi;279
Raul;278
Raymond;276
Masi;275
Conny;274
Eskil;274
Selim;270
Sigvard;269
Timo-Pekka;269
Kare;268
Mihail;267
Gerhard;266
Ian;266
Ronnie;265
Yusuf;265
Arttur;263
Ted;261
Caj;261
Jake;261
Adiel;260
Kristo;259
Rony;258
Frej;258
Wäinö;257
Mustafa;256
Amadeus;255
Veini;255
Sammeli;255
Peik;254
Jermu;253
Alec;253
Pessi;253
Said;251
Glenn;251
Feliks;250
Terno;250
Jaska;249
Greger;249
Renne;248
Elvis;248
Ville-Valtteri;247
Patric;247
Thor;246
Ismail;246
Joe;245
Ronald;244
Roberto;244
Jali;242
Vidar;242
Sven-Erik;241
Atro;241
Muhammad;240
Junior;240
Jone;240
Mario;239
Amin;239
Alan;238
Alvi;237
Jussinpoika;237
Jasperi;236
Kuutti;236
Olli-Matti;235
Uula;235
Jasse;235
Markunpoika;234
Aleks;233
Kerkko;233
Oleg;233
Isac;233
Ture;233
Ernest;232
Jaakoppi;232
Emilio;232
Ami;231
Mike;230
Andre;230
Mohamud;229
Wilmer;228
Michel;228
Maksim;227
Marc;225
Karl-Gustav;225
Milton;224
Tristan;222
Saul;222
Mikanpoika;221
Dmitri;221
Emmanuel;221
Matthias;221
Eddie;220
Valeri;219
Jarko;218
Rickhard;218
Raafael;217
Lee;216
Miio;216
Villehard;215
Nemo;212
Gottfrid;212
Jan-Peter;210
Algot;210
Fred;210
Rico;209
Luis;208
Melvin;208
Ariel;207
Arinpoika;207
Simo-Pekka;206
Ken;206
Jani-Petteri;205
Osman;204
Elja;202
Jeremy;202
Jannenpoika;201
Henning;201
Jan-Mikael;201
Miguel;200
Aati;200
Myrsky;199
Abel;199
Per-Olof;199
Hiski;197
Saska;196
Mahamed;195
Johann;194
Abdulkadir;194
Louis;193
Aaretti;192
Clas;191
Ron;190
Vieno;189
Kari-Matti;189
Minh;188
Nils-Erik;188
Jusa;188
Auno;185
Jan-Olof;184
Ryan;183
Sami-Pekka;182
Hasan;181
Miiko;181
Viggo;180
Timothy;179
Sergey;179
Bo-Erik;179
Mehmet;178
Sami-Petteri;177
Alberto;177
Micke;176
Mitro;176
Morris;175
Alpi;175
Juan;175
Ricardo;174
Waltter;174
Harrinpoika;173
Jaakonpoika;173
Jyry;173
Alexei;173
Rabbe;172
Kauri;172
Gideon;171
Jerker;171
Mikhail;170
Eduard;170
Petrinpoika;170
Thanh;169
Remu;169
Ahto;168
Singh;168
Curt;168
Tyko;167
Luke;167
Hamza;166
Kaj-Erik;166
Steven;165
Miiro;165
Rikard;165
Titus;165
Alpertti;164
Sakke;164
Juho-Matti;164
Kirill;164
Niko-Petteri;163
Ilo;162
Carl-Erik;162
Abdullah;162
Juhan;161
Filemon;161
Risto-Matti;161
Jirka;160
Jani-Pekka;160
Esa-Matti;160
Claes;160
Carl-Gustav;160
Raoul;160
Abdul;159
Nathan;159
Malakias;158
Jaakkima;158
Finn;158
Jaakob;158
Sean;158
Severin;158
Jaan;158
Khalid;158
Carlo;158
Antoni;157
Timoteus;156
Ano;156
Alessandro;156
Jero;156
Anttu;156
Tahvo;155
Eikka;154
Silvo;153
Andrey;153
Egil;153
Matteo;152
Jan-Anders;152
Asla;152
Tuisku;152
Hans-Erik;152
Leino;152
Juha-Petteri;151
Francis;150
Efraim;150
Ollinpoika;150
Markonpoika;150
Aale;150
Aaprami;149
Rufus;149
Miklas;149
Jeremi;148
Pär;148
Hermann;147
Jousia;147
Valle;147
Andres;146
Fridolf;146
Sanfrid;146
Kunto;146
Harto;145
Ragnvald;145
Robertino;145
Jan-Henrik;145
Franz;145
Ludwig;145
Matti-Pekka;144
Josua;144
Vikke;143
Simeoni;143
Colin;143
Misa;143
Brynolf;143
José;142
Jaako;142
Juhamatti;142
Valentino;142
Milan;141
Lenny;140
Ray;140
Janne-Pekka;140
Pehr;140
Verne;140
Engelbert;140
Hampus;139
Anatoli;138
Emerik;137
Måns;137
Sammy;137
Joacim;137
Brian;137
Vinski;136
Juha-Petri;136
Erkinpoika;136
Armo;135
Eirik;134
Karlo;134
Villenpoika;133
Niilas;133
Deniz;132
Elian;132
Andrea;132
Alejandro;132
Christofer;132
Pedro;132
Miku;131
Anto;131
Daavid;131
Morgan;131
Eeka;131
Kaspar;130
Aksu;130
Joeli;130
Akilles;130
Vilpas;130
Ville-Markus;130
Sven-Olof;129
Vesanpoika;129
Stephen;129
Abbas;129
Charlie;129
Eliot;129
Valtti;128
Chris;128
Thorvald;128
Jouninpoika;128
Riku-Pekka;127
Jiro;127
Ristonpoika;127
Vadim;127
Emre;127
Caius;126
Stephan;126
Israel;126
Vili-Valtteri;126
Juska;125
Eenokki;125
Mikko-Pekka;125
Volmar;125
Marek;123
Moritz;123
Muhammed;123
Erling;123
Jeri;123
Tami;123
Hendrik;122
Alexey;122
Liinus;122
Roi;122
Jaajo;122
Anas;121
Keimo;121
Pepe;121
Ilkanpoika;121
Jooel;120
Wilhelmi;120
Nikanor;120
Damien;120
Dylan;120
Claus;120
Oliwer;120
Riku-Petteri;119
Angelo;119
Milko;119
Tor-Erik;118
Jussi-Petteri;118
Pasinpoika;117
Daniil;117
Isaac;117
Atle;117
Aito;117
Saminpoika;117
Niku;117
Jamal;117
Toomas;117
Weeti;116
Francisco;116
Eemu;115
Jouka;115
Jakke;115
Artem;114
Trygve;114
Kenny;114
Rolle;114
Dmitry;114
Eeronpoika;114
Eki;113
Natanael;113
Carl-Henrik;113
Östen;113
Raikas;113
Dag;113
Volter;112
Ale;112
Caspian;112
Emppu;111
Esanpoika;111
Fernando;111
Yasin;111
Anshelm;111
Ernfrid;111
Zakaria;111
Mikki;111
Hasse;110
Reidar;110
Marcel;110
Ethan;109
Sipi;109
Wilho;109
Nicolai;109
Willem;109
Pablo;108
Ananias;108
Kalle-Pekka;108
Jerome;108
Ernesto;108
Nathaniel;108
Odin;108
Laurinpoika;108
Scott;108
Antti-Juhani;107
Mooses;107
Lionel;107
Martinpoika;107
Nelson;107
Adnan;107
Leonid;107
Mies;107
Vaito;107
Oswald;106
Ante;106
Ralph;106
Nikolaus;106
Jamiel;106
Mahmoud;106
Joosef;106
Riki;105
Mahdi;105
Roobert;105
Seponpoika;105
Carl-Gustaf;105
Kosmo;104
Vladislav;104
Gilbert;104
Aki-Petteri;104
Aslan;103
Semi;103
Hamid;103
Joska;103
Poika;102
Enok;102
Sigvald;102
Ilppo;102
Evan;102
Karl-Henrik;102
Taimo;102
Jan-Kristian;101
Alexandros;101
Ari-Jukka;101
Melker;101
Stig-Erik;101
Marlo;101
Tarvo;101
Muisto;100
Anh;100
Ismael;100
Justin;100
Jussa;100
Mikail;100
Lars-Johan;99
Willy;99
Arman;99
Mikaeli;99
Isidor;98
Eero-Pekka;98
Joni-Petteri;98
Petrik;98
Oma;98
Vitali;97
Reeti;97
Launo;97
Emir;97
Wili;96
Diego;96
Lemmy;96
Olov;96
Tuomaanpoika;96
Nikolaos;96
Marlon;96
Jama;96
Walfrid;95
Dante;95
Olli-Petteri;95
Salama;95
Pierre;95
Wolfgang;95
Vasili;95
Jarmonpoika;94
Kiril;94
Abram;94
Veetu;94
Francesco;93
Juhaninpoika;93
Aden;93
Anthon;93
Mahad;93
Dominik;93
Steve;93
Ruuben;93
Teronpoika;93
Damian;92
Per-Ole;92
Jani-Matti;92
Feodor;92
Heinrich;92
Donald;92
Elijah;92
Bilal;92
Asarias;91
Kenth;91
Eduardo;91
Edvart;91
Volmari;91
Jerri;91
Reza;91
Fritiof;91
Crister;91
Renny;90
Pentinpoika;90
Georgios;90
Can;90
Mohamad;90
Hoang;90
Janinpoika;90
Stanislav;90
Tito;89
Joni-Pekka;89
Tapionpoika;89
Willehard;89
Uuras;89
Olivier;89
Pieti;89
Frederik;89
Frederick;89
Totte;89
Jokke;89
Harras;89
Rinaldo;89
Paolo;88
Edmund;88
Severus;88
Valte;88
Bror-Erik;88
Calle;88
Artonpoika;88
Jan-Eric;88
Ilias;88
Philippe;88
Remi;87
Fritz;87
Thure;87
Elton;87
Abiel;87
Jonah;87
Seth;87
Pauno;87
Veli-Jussi;87
Antony;87
Erich;87
Bert;86
Nick;86
Fredric;86
Conrad;86
Aziz;86
Ekku;86
Runo;86
Lorenz;86
Rudi;86
Carolus;86
Jordan;86
Evgeny;86
Cay;86
Karel;86
Timmy;85
Peder;85
Mika-Petteri;85
Niiles;85
Mehdi;85
Jan-Ole;85
Lenne;84
Raphael;84
Friedrich;84
Göte;84
Ensi;84
Riko;84
Kimmonpoika;83
Otto-Ville;83
Ulrik;83
Jamie;83
Junnu;83
Ukko-Pekka;83
Huuko;83
Venneri;82
Wihtori;82
Ilyas;82
Kaapro;82
Juho-Petteri;82
Arho;82
Mickael;82
Päivö;82
Tuan;82
Ate;82
Duc;81
Antreas;81
Reetu;81
Lalli;81
Nicky;81
Penjami;81
Kunnari;81
Leonel;81
Bastian;80
Douglas;80
Stefanus;80
Jyri-Pekka;80
Albinus;80
Khaled;80
Velu;79
Nabil;79
El;79
Mika-Petri;79
Kian;79
Muhamed;79
Aadam;79
Marcos;79
Vilpertti;79
Quoc;79
Timur;79
Roine;79
Alexandr;79
Jan-Markus;78
Hanno;78
Janiel;78
Nuuti;78
Ermo;78
Konstantinos;78
Valpas;78
Aabraham;78
Seemi;78
Hung;78
Brandon;78
Jirko;78
Markko;78
Antti-Ville;77
Farah;77
Juuse;77
Musa;77
Andrej;77
Zachary;77
Juho-Antti;77
Iivar;77
Dean;77
Ingolf;76
Vili-Petteri;76
Tomminpoika;76
Ere;76
Enrique;76
Simonpoika;76
Rayan;76
Andréas;76
Tuomonpoika;76
Hiskias;76
Sander;75
Andy;75
Cedric;75
Kuura;75
Julle;75
Ahmet;75
Mika-Matti;74
Youssef;74
Haakon;74
Quang;74
Florian;74
Veli-Jukka;74
Juhapekka;74
Stig-Göran;74
Lawrence;74
Juhonpoika;74
Risto-Pekka;74
Jukka-Petteri;73
Javier;73
Anwar;73
Pertinpoika;73
Jukka-Matti;73
Arhippa;72
Feeliks;72
Caspar;72
Malte;72
Veli-Petteri;72
Theodore;72
Bashir;72
Valerian;72
Faisal;72
Lippo;72
Jarkonpoika;72
Manfred;72
Md.;72
Wiktor;72
Stig-Olof;72
Nikolaj;72
Constantin;72
Gunnari;71
Malik;71
Urban;71
Winston;71
Velimatti;71
Jürgen;71
Ollipekka;71
Pietro;71
Riku-Matti;71
Enzo;71
Tero-Pekka;71
Abdifatah;71
Lorenzo;71
Mahamud;71
Kasmir;70
Kumar;70
Abdel;70
Arijoutsi;70
Harri-Pekka;70
Aram;70
Janne-Petteri;70
Artti;70
Jona;70
Jussi-Matti;70
Jormanpoika;69
Lenna;69
Antonius;69
Attila;69
Tomi-Pekka;69
Heimer;69
Alexsander;69
Sasha;69
Elvin;69
Jay;69
Paul-Erik;69
Abdirizak;69
Robi;69
Sulho;69
Arian;68
John-Erik;68
Jony;68
Kallenpoika;68
Murat;68
Miihkali;68
Paulo;68
Masa;68
Abdirashid;68
Rikhart;68
Felipe;68
Antoine;68
Allani;68
Armando;67
Sippo;67
Yahya;67
Henric;67
Giovanni;67
Vilperi;66
Xavier;66
Mika-Pekka;66
Isko;66
Hussain;66
Brage;66
Joukonpoika;66
Eugén;66
Danny;66
Christoph;66
Sayed;65
Jura;65
Eskonpoika;65
Kamal;65
Erhard;65
Aleksius;65
Kostia;65
Josi;65
Md;65
Pasi-Pekka;65
Joar;65
Kaappo;65
Don;65
Setti;65
Mateo;65
Matheo;65
Roopertti;65
Aalto;64
Jyrkinpoika;64
Serguei;64
Abukar;64
Nur;64
Vilmer;64
Alek;64
Karolus;64
Aidan;64
Glen;64
Long;63
Markuksenpoika;63
Salah;63
Adil;63
Carl-Magnus;63
Eilo;63
Liban;63
Veli-Heikki;63
Enrico;63
Tryggve;63
Jan-Christian;62
Jeppe;62
Elmar;62
Keith;62
Haidar;62
Taha;62
Varma;62
Misael;62
Pertteli;62
Derek;61
Poju;61
Timo-Jaakko;61
Lars-Olof;61
Angel;61
Hakim;61
Riiko;61
Kivi;61
Lennu;61
Sebastien;61
Jevgeni;61
Kaapriel;61
Yassin;61
Ville-Oskari;60
Samueli;60
Jomi;60
Andrés;60
Egon;60
Maxwell;60
Hong;60
Veli-Juhani;60
Antte;60
Ailo;60
Lorentz;60
Ervo;60
Oke;60
Mici;60
Mustapha;60
Eli;60
Hai;60
Ristomatti;60
Janne-Matti;60
Gregory;59
Rahman;59
Saad;59
Bernard;59
Jafet;59
Hubert;59
Jari-Jukka;59
Bruce;59
Love;59
Kristjan;59
Tuovi;59
Jeremiah;59
Norman;59
Mikko-Petteri;59
Claudio;59
Jacques;59
Habib;59
Ramin;58
Sylvesteri;58
Philipp;58
Rashid;58
Hadi;58
Ngoc;58
Feetu;58
Aari;58
Gerald;58
Daniele;58
Kustavi;58
Nicke;58
Mert;58
Ensiö;58
Nisse;58
Erpo;58
Jari-Petteri;58
Nyyrikki;58
Velipekka;57
Stefano;57
Rio;57
Ville-Matias;57
Vinh;57
Eeki;57
Bo-Göran;57
Odert;57
Koitto;57
Salim;57
Bill;57
Melwin;57
Stanley;57
Veerti;57
Yahye;56
Lassi-Pekka;56
Walid;56
Ebbe;56
Adel;56
Tor-Björn;56
Woldemar;56
Rachid;56
Fritjof;56
Aki-Pekka;56
Duy;56
Cameron;55
Ilya;55
Olaf;55
Mostafa;55
Amar;55
Miso;55
Styrbjörn;55
Abdallah;55
Lars-Göran;55
Armin;55
Taro;55
Matvei;55
Lamin;55
Suleiman;55
Guido;55
Arif;55
Heinz;55
Ruslan;55
Alain;55
Phong;54
Veli-Antti;54
Ricky;54
Ramses;54
Viki;54
Saku-Petteri;54
Gert;54
Aare;54
Pärttyli;54
Huy;54
Sharif;54
Hector;54
Voldemar;54
Siimon;53
Reijonpoika;53
Keni;53
Ramon;53
Gotthard;53
Kirmo;53
Kay;53
Tarek;53
Veli-Mikko;53
Jorge;53
Owen;53
Teemunpoika;53
Dino;53
Georges;53
Tominpoika;53
Nikola;52
Tien;52
Niko-Pekka;52
Toni-Pekka;52
Giuseppe;52
Georgi;52
Tan;52
Maximillian;52
Huu;52
Maurice;52
Gordon;52
Stepan;52
Sointu;52
Emin;52
Juha-Antti;52
Khalil;51
Dahir;51
Petr;51
Yury;51
Jayden;51
Seyed;51
Ayman;51
Santiago;51
Onni-Pekka;51
Jahvetti;51
Jaron;51
Hakon;51
Frithiof;51
Troy;51
Sheikh;51
Erasmus;51
Aabel;51
Anian;51
Dan-Erik;51
Kainpoika;50
Jore;50
Lennard;50
Ora;50
Omer;50
Hashim;50
Abdirisak;50
Janek;50
Thien;50
Havu;50
Vesa-Heikki;50
Dimitrios;50
Peeter;50
Markos;50
Terjo;50
Darius;50
Adan;50
Ilmar;50
Walther;50
Seeti;50
Grigori;50
Toninpoika;50
Abdulahi;49
Helmut;49
Nikolay;49
Nathanael;49
Toma;49
Saeed;49
Thorolf;49
Teddy;49
Askonpoika;49
Allen;49
Jupiter;49
Marko-Tapio;49
Aukust;49
Albertti;49
Jemi;49
Carl-Eric;49
Larry;49
Benedict;48
Jymy;48
Stuart;48
Efe;48
Gunder;48
Cosmo;48
Tomy;48
Mino;48
Miitri;48
Pyry-Petteri;48
Alexanteri;48
Akram;48
Fuad;48
Retu;48
Jeffrey;48
Aapi;48
Jasin;48
Matti-Juhani;48
Georgij;48
Harold;48
Nalle;48
Akinpoika;48
Juhanni;48
Baran;47
Jopi;47
Jörn;47
Juno;47
Solomon;47
Velmeri;47
Kyle;47
Jedi;47
Zakarias;47
Ari-Petteri;47
Chi;47
Kemal;47
Karl-Oskar;46
Ioannis;46
Mauriz;46
Asad;46
Dario;46
Idris;46
Arjo;46
Eeliel;46
Vu;46
Lahja;46
Nasir;46
Benedikt;46
Jukkapekka;46
Artjom;46
Lari-Pekka;46
Bruuno;46
Arda;46
Hakan;46
Henteri;46
Ömer;45
Raikko;45
Azad;45
Joni-Matti;45
Sihveri;45
Eetu-Petteri;45
Mortimer;45
Darin;45
Gary;45
Jerkko;45
Halti;45
Hardy;45
Paavonpoika;45
Sirius;45
Ahvo;45
Imran;45
Malcolm;45
Aku-Petteri;45
Dave;45
Mikkel;45
Freddy;45
Karlos;45
Nam;45
Tico;45
Nilla;44
Tarik;44
Oras;44
Abd;44
Venne;44
Marie;44
Sébastien;44
Feija;44
Jani-Petri;44
Raimond;44
Reh;44
Miklos;44
Aston;44
Mortti;44
Remo;44
Kai-Erik;44
Abdiaziz;44
Jari-Petri;44
Jusu;44
Farid;44
Vesteri;44
Ake;44
Juha-Heikki;44
Emile;44
Pasi-Petteri;44
Hüseyin;44
Eugene;44
Niels;44
Erwin;44
Veka;44
Lauri-Pekka;44
Jarnonpoika;44
Frey;43
Alexej;43
Timofei;43
Timitri;43
Rahim;43
Michele;43
Arni;43
Alho;43
Ivo;43
Tomi-Petteri;43
Elliott;43
Pekka-Juhani;43
Romi;43
Eemel;43
Jamil;43
Musse;43
Kristopher;43
Hans-Peter;43
Iisko;43
Viet;43
Xuan;43
Julien;42
Ukri;42
Maxime;42
Ross;42
Saleh;42
Hilmer;42
Trung;42
Bao;42
Eliah;42
Uki;42
Evgeni;42
Bob;42
Joosu;42
Sefanias;42
Engelbrekt;42
Aki-Matti;42
Janus;42
Marwan;42
Assar;42
Otto-Pekka;42
Cong;42
Maurinpoika;42
Karl-Gustaf;41
Jouna;41
Yousef;41
Teofilus;41
Nici;41
Alessio;41
Axl;41
Wiking;41
Jan-Eerik;41
Helke;41
Erol;41
Jaromir;41
Jan-Ove;41
Miron;41
Birk;41
Billy;41
Lewis;41
Janos;41
Jaime;41
Petros;40
Reini;40
Reguel;40
Younes;40
Hartti;40
Abdinasir;40
Tord;40
Mikko-Matti;40
Brahim;40
Kurt-Erik;40
Aku-Pekka;40
Filipp;40
Federico;40
Toni-Petteri;40
Joosa;40
Kamil;40
Fredrick;40
Johny;40
Julio;40
Stefanos;40
The;40
Aaku;40
Antti-Matti;40
Elijas;40
Moses;40
Mitri;40
Augustin;40
Maria;40
Nils-Johan;40
Carl-Axel;40
Per-Johan;40
Anteri;40
Mikko-Matias;40
Dieter;40
Ronni;40
Wilson;40
Inge;39
Leimu;39
Alari;39
Silas;39
Josia;39
Abdulla;39
Wictor;39
Kilian;39
Veli-Markku;39
Jurkka;39
Viliam;39
Orlando;39
Tapaninpoika;39
Lassenpoika;39
Osma;39
Timjami;39
Per-Henrik;39
Elon;39
Claude;39
Dage;39
Hannu-Matti;39
Salem;39
Dan-Anders;39
Frejvid;39
Marvin;39
Harrison;39
Augusto;39
Alfonso;39
Eetu-Pekka;39
Tri;39
Tatu-Pekka;39
Artemi;39
Arturo;39
Danial;39
Jaso;39
Vito;39
Samy;39
Sante;38
Perttuli;38
Arttu-Pekka;38
Ville-Juhani;38
Sonny;38
Lars-Henrik;38
Fouad;38
Misha;38
Sakaria;38
Sem;38
Vennu;38
Antti-Oskari;38
Juha-Mikko;38
Tariq;38
Dung;38
Eenok;38
Mateus;38
Juho-Matias;38
Piotr;38
Sinan;38
Apollo;38
Jyri-Petteri;38
Simopekka;38
Jeeli;38
Laurent;37
Sakri;37
Omid;37
Ville-Mikko;37
Ammar;37
Sverre;37
Noam;37
Jaroslav;37
Mikko-Ville;37
Olli-Heikki;37
Ayub;37
Ilia;37
Jere-Petteri;37
Ewert;37
Seelim;37
Carl-Oscar;37
Vilmeri;37
Ervin;37
Karl-Olof;37
Eren;37
Ari-Juhani;37
Christos;37
Alfredo;37
Gustavo;37
Haris;37
Tam;37
Carl-Mikael;37
Jules;37
Calvin;37
Feeli;37
Lars-Eric;37
Lev;37
Henrinpoika;37
Petterinpoika;37
Oki;37
Björn-Erik;36
Kari-Juhani;36
Paulinpoika;36
Connor;36
Vilhard;36
Abdulrahman;36
Janrik;36
Esteban;36
Walentin;36
Edi;36
Peitsa;36
Sandor;36
Mats-Erik;36
Leif-Erik;36
Timotei;36
Tomasz;36
Ville-Eemeli;36
Jarl-Erik;36
Bengt-Erik;36
Neil;36
Wilbert;36
Diar;36
Napoleon;35
Camilo;35
Mirka;35
Aapraham;35
An;35
Ewald;35
Allu;35
Son;35
Samu-Petteri;35
Salman;35
Abner;35
Yunus;35
Per-Håkan;35
Pyry-Pekka;35
Gaius;35
Misca;35
Raimonpoika;35
Joas;35
Atlas;35
Jyrinpoika;35
Hossein;35
Eddy;35
Cesar;35
Vilgot;35
Reipas;35
Gregorius;35
Riccardo;35
Mauro;35
Adi;35
Orion;35
Zakariya;35
Arash;35
Kaan;35
Kadir;35
Danil;35
Bryan;35
Caleb;35
Egor;35
István;34
Cristoffer;34
Taher;34
Per-Åke;34
András;34
Olavinpoika;34
Jaki;34
Nima;34
Le;34
Pate;34
Ulrich;34
Wei;34
Gunnarsson;34
Christophe;34
Jan-Gustav;34
Heppu;34
Vilbert;34
Aapro;34
Gia;34
Rino;34
Ara;34
Léon;34
Jared;34
Fatih;34
Vesa-Petteri;34
Prince;34
Metin;34
Salvador;34
Kaiku;34
Juho-Heikki;34
Kari-Tapio;34
Sakariye;34
Kalle-Petteri;34
Kotivalo;34
Aaret;34
Raminpoika;33
Hamed;33
Abdikarim;33
Asa;33
Heikki-Pekka;33
Jari-Juhani;33
Iippo;33
Juho-Ville;33
Lars-Åke;33
Nichlas;33
Binh;33
Torleif;33
Voima;33
Luciano;33
Saman;33
Aro;33
Isse;33
Touho;33
Aaroni;33
Hilarius;33
Juuso-Petteri;33
Miikanpoika;33
Davin;33
Enver;33
Salih;33
Théo;33
Nuno;33
Trong;33
Miroslav;33
Solmu;33
Hao;33
Oleksi;33
Reittu;33
Farhan;33
Tani;33
Jouni-Pekka;33
Augustus;33
Halil;33
Massimo;33
Anssinpoika;33
Kris;33
Wiliam;33
Salomoni;33
Ruudolf;33
Eevald;33
Sinuhe;33
Morten;33
Peetter;33
Khadar;33
Aapram;32
Thorbjörn;32
Hjalmari;32
Aripekka;32
Enes;32
Jelmeri;32
Sumu;32
Mohsen;32
Kenan;32
Jockum;32
Cornelis;32
Willhelm;32
Leonidas;32
Manasse;32
Syed;32
Olli-Jussi;32
Veli-Petri;32
Juha-Markus;32
Eiler;32
Aurelius;32
Alvaro;32
Anteronpoika;32
Jimmie;32
Hendry;32
Ville-Veikka;32
Tyler;32
Vili-Veikko;32
Kelpo;32
Alpiin;32
Kaiho;32
Basilius;32
Mustafe;32
Milad;32
Salvatore;32
Reinhard;32
Jüri;32
Erick;32
Gennadi;32
Leonhard;32
Are;32
Sipri;32
Tung;32
Äänis;32
Faruk;32
Rikunpoika;31
Jaakko-Pekka;31
Alban;31
Sherif;31
Terje;31
Eepi;31
Kofi;31
Imanuel;31
Juha-Ville;31
Nikko;31
Villehart;31
Siilas;31
Aunus;31
Harun;31
Kassu;31
Weikko;31
Veikonpoika;31
Cedrik;31
Hieu;31
Cecil;31
Thai;31
Jannis;31
Abed;31
Jussipekka;31
Pehr-Erik;31
Maksimus;31
Olai;31
Sverker;31
Remus;31
Gaabriel;31
Owe;31
Mattis;31
Aleksej;31
Adem;31
Nikki;31
Aiden;31
Erkan;31
Fride;31
Miles;31
Karl-Gunnar;31
Milos;31
Wertti;30
Henno;30
Larri;30
Filippus;30
Abdisalam;30
Imad;30
Arseni;30
Antti-Veikko;30
Antti-Petteri;30
Khang;30
Roald;30
Joonia;30
Samu-Pekka;30
Anttonio;30
Rick;30
German;30
Sepeteus;30
Veli-Markus;30
Shahin;30
Walle;30
Eetu-Oskari;30
Howard;30
Samson;30
Ming;30
Tanu;30
Yasir;30
Olli-Veikko;30
Uwe;30
Milian;30
Syväri;30
Yrjönpoika;30
Salad;30
Wayne;30
Gerard;30
Henri-Pekka;30
Orhan;30
Devin;30
Viktori;30
Enzio;30
Umberto;30
Dion;30
Cuong;30
Franco;30
Laurentius;30
Ayoub;30
Veli-Valtteri;30
Terry;30
Michal;30
Lauri-Matti;30
Tor-Leif;30
Tom-Erik;30
Berat;30
Majid;30
Jarre;29
Kaj-Olof;29
Saku-Pekka;29
Ville-Samuli;29
Aryan;29
Ailu;29
Antonios;29
Veeti-Valtteri;29
Karl-Mikael;29
Jegor;29
Eetvartti;29
Yannick;29
Rodi;29
Hanad;29
Burhan;29
Alve;29
Horst;29
Nicola;29
Mubarak;29
Taru;29
Yousif;29
Yki;29
Abdiasis;29
Abdirahim;29
Ismet;29
Tomás;29
Ayuub;29
Rane;29
Ismonpoika;29
Guillermo;29
Mica;29
Alexius;29
Shawn;29
Heribert;29
Joonas-Petteri;29
Carl-Olof;29
Vincenzo;29
Bore;29
Cornelius;29
Jun;29
Ville-Joonas;29
Sacha;29
Juha-Veikko;29
Sani;29
Didrik;29
Yann;29
Ansu;29
Clas-Göran;29
Rodrigo;29
Jan-Åke;29
Jori-Pekka;29
Anssi-Pekka;29
Sergio;29
Joonathan;29
Uoti;29
Anselmo;29
Vesa-Jukka;29
Astor;29
Ossinpoika;28
Eero-Matti;28
Pasi-Matti;28
Sasa;28
Kalle-Matti;28
Wai;28
Hans-Olof;28
Nicodemus;28
Ville-Heikki;28
László;28
Nader;28
Kerim;28
Kåre;28
Juha-Tapio;28
Ville-Waltteri;28
Reetrikki;28
Lasse-Pekka;28
Veli-Martti;28
Ville-Antti;28
Nils-Olof;28
Ulf-Erik;28
Kuuno;28
Ponteva;28
Yonis;28
Jukka-Tapio;28
Remy;28
Aleksandar;28
Filippo;28
Cristiano;28
Kjell-Erik;28
Wolmar;28
Lam;28
Matti-Petteri;28
Luqman;28
Tarkko;28
Gleb;28
Amine;28
Jani-Markus;28
Dmitrij;28
Dat;28
Rieti;28
Angus;28
Nils-Göran;28
Mauricio;28
Davide;28
Weikka;28
Veli-Veikko;28
Alexandru;28
Kai-Kristian;28
Naser;28
Sami-Petri;28
Vilko;27
Rudy;27
Merlin;27
Michail;27
Farhad;27
Jethro;27
Mergim;27
Hesekiel;27
Nasim;27
Wesley;27
Angelos;27
Imre;27
Francois;27
Per-Anders;27
Jommi;27
Jarto;27
Juhopekka;27
Kai-Mikael;27
Faysal;27
Phuc;27
Akira;27
Florentin;27
Nhat;27
Léo;27
Aiman;27
Austin;27
Franklin;27
Vilkas;27
Björnsson;27
Vicente;27
Artto;27
Husein;27
Lillebror;27
Kai-Markus;27
Rein;27
Samulinpoika;27
Vili-Pekka;27
Hossain;27
Silver;27
Elmi;27
Al;26
Niko-Matti;26
Dominique;26
Arvin;26
Atri;26
Margus;26
Karl-Anders;26
Brendan;26
Kirka;26
Micah;26
Sami-Matti;26
Nana;26
Jiko;26
Karl-Axel;26
Fabio;26
Nuur;26
Arhi;26
Abdalla;26
Enis;26
Nilo;26
Benyamin;26
Kale;26
Jackson;26
Reimo;26
Wincent;26
Mattia;26
Björn-Olof;26
Terence;26
Espen;26
Juho-Jaakko;26
Abshir;26
Raphaël;26
Zoltán;26
Lion;26
Nolan;26
Olli-Juhani;26
Ioan;26
Hektor;26
Siegfried;26
Driss;26
Edmond;26
Mahir;26
Bogdan;26
Wolf;26
Aydin;26
Ezra;26
Mirco;26
Alexandro;26
Armand;26
Danilo;26
Erkki-Mikael;26
Antti-Eemeli;26
Kim-Erik;26
Veli-Ville;26
Ejvind;26
Ronan;26
Oscari;26
Veli-Tapio;26
Silvio;26
Eeri;26
Kanervo;26
Joni-Markus;26
Riku-Ville;25
Castor;25
Carl-Christian;25
Guled;25
Taave;25
Cai;25
Jan-Krister;25
Valerius;25
Desmond;25
Jones;25
Klemetti;25
Ramazan;25
Juhananpoika;25
Onni-Oskari;25
Jyri-Matti;25
Atilla;25
Hoa;25
Thore;25
Russell;25
Jan-Michael;25
Ensti;25
Mahmud;25
Sandro;25
Karol;25
Lino;25
Kaukonpoika;25
Freddie;25
Mickel;25
Reda;25
Edouard;25
Ronaldo;25
Ba;25
Kaleb;25
Arn;25
Osama;25
Riad;25
Nadir;25
Yasser;25
Raunonpoika;25
Anterus;25
Ales;25
Inari;25
Eeropekka;25
Penna;25
Miran;25
Abdiqani;25
Hisham;25
Valery;25
Aurelio;25
Artin;25
Kasim;25
Abdelaziz;25
Irfan;25
Iouri;25
Tero-Matti;25
Eyolf;25
Jörg;24
Musab;24
Bayram;24
Dominick;24
Craig;24
Fadi;24
Viacheslav;24
Hessu;24
Mumin;24
Olaus;24
Mart;24
Awil;24
Ari-Heikki;24
Geoffrey;24
Fedor;24
Marios;24
Loke;24
Nikodeemus;24
Jami-Petteri;24
Kamran;24
Ferhat;24
Han;24
Nicolás;24
Jeff;24
Pelle;24
Serhat;24
Nguyen;24
Alf-Erik;24
Marcelo;24
Evgueni;24
Heljo;24
Norbert;24
Manh;24
Hamsa;24
Jonnie;24
Emiliano;24
Sten-Erik;24
Viatcheslav;24
Evertti;24
A;24
Hubertus;24
Liibaan;24
Örjan;24
Phuoc;24
Eedvard;24
Andi;24
Matts-Erik;24
Mikko-Juhani;24
Wolter;24
Oliveri;24
Abdikarin;24
Joutsi;24
Jochen;24
Carol;24
Mathew;24
Timo-Juhani;24
Aldo;24
Kaijus;24
Amer;24
Mick;24
Josa;24
Jauri;24
Klas-Erik;24
Thommy;24
Antrei;24
Mariano;24
Frans-Emil;24
Serge;24
Janne-Juhani;24
Benhard;24
Jan-Christer;24
Ari-Jussi;24
Cem;24
Jere-Pekka;24
Ringo;24
Rex;24
Iska;24
Larsson;23
Vide;23
Lennon;23
Nuka;23
Miilo;23
Karrar;23
Valteri;23
Anthonio;23
Jerzy;23
Ari-Petri;23
Jiska;23
Abubakar;23
Maher;23
Sten-Olof;23
Jerko;23
Alper;23
Leni;23
Hanne;23
Karl-Magnus;23
Veli-Tapani;23
Arun;23
Tommaso;23
Nikonpoika;23
Rani;23
Phi;23
Sabah;23
Björnson;23
Idiris;23
Vasilij;23
Vesa-Petri;23
Carl-Fredrik;23
River;23
Atenpoika;23
Onur;23
Noor;23
Kawa;23
Miika-Matias;23
Esa-Petteri;23
Juko;23
Roopert;23
Ati;23
Villehad;23
Outi;23
Abu;23
Aage;23
Yves;23
Henryk;23
Klas-Göran;23
Tiko;23
Pirkka-Pekka;23
Ontrei;23
Armi;23
Dana;23
Nando;23
Phuong;23
Mirza;23
Tommie;23
Vitaly;23
Mahmood;23
Ossi-Pekka;23
Kosma;23
Noureddine;23
Karsten;23
Onni-Eemeli;23
Panu-Petteri;23
Aku-Matti;23
Lloyd;23
Ville-Kalle;23
Abdurahman;23
Wiljo;23
Furkan;23
Travis;23
Matti-Mikael;23
Serkan;23
Ako;23
Dinh;23
Graham;23
Frédéric;22
Arviiti;22
Islam;22
Fatmir;22
Basil;22
Vihtor;22
Umut;22
Dorian;22
Gunvald;22
Kerem;22
Awad;22
Kari-Petteri;22
Joninpoika;22
Derrick;22
Per-Eric;22
Murad;22
M.;22
Lenni-Kalle;22
Evangelos;22
Veija;22
Valtari;22
Ata;22
Antti-Heikki;22
Haider;22
Veli-Mies;22
Fadil;22
Karl-Göran;22
Mihael;22
Salam;22
Lyly;22
Santino;22
Clifford;22
Abdihakim;22
Lorens;22
Sami-Ville;22
Karwan;22
Sigge;22
Sakarinpoika;22
Daud;22
Kaukomieli;22
Marian;22
Feelix;22
Luigi;22
Tahir;22
Veino;22
Jaakko-Juhani;22
Ridwan;22
Amon;22
Eddine;22
Jakov;22
Jurij;22
Jan-Håkan;22
Amor;22
Luan;22
Toussaint;22
Alwin;22
Vjatseslav;22
Goran;22
Robbie;22
Jalle;22
Saarni;22
Abdikadir;22
Ramzi;22
Heikki-Juhani;22
Diyar;22
Stig-Johan;22
Abdurrahman;22
Holgersson;22
Amjad;22
Semmi;22
Bernd;22
Viima;22
Hani;22
Nasser;22
Stavros;22
Abdellah;22
Virmo;22
Kalle-Oskari;22
Phillip;22
Saif;22
ben;22
Mihkel;21
Thang;21
Vesa-Ville;21
Mikel;21
Kristen;21
Svantte;21
Afrim;21
Aran;21
Jabbar;21
Naim;21
Lucien;21
Harley;21
Mukhtar;21
Warren;21
Ismari;21
Jaanus;21
Sadik;21
Leslie;21
Aadiel;21
Darren;21
Truong;21
Kalle-Antti;21
Cemal;21
Günther;21
Kai-Petteri;21
Onni-Matias;21
Artunpoika;21
Sivert;21
Eino-Juhani;21
Tiger;21
Joni-Petri;21
Muslim;21
Sami-Jukka;21
Jan-Magnus;21
Ashraf;21
Tomek;21
Cheng;21
François;21
Alwar;21
Dominicus;21
Renni;21
Wiggo;21
Zachris;21
Jr;21
Orvar;21
Ramadan;21
Joël;21
János;21
Velmu;21
Jukka-Petri;21
Tiera;21
Abderrahmane;21
Burak;21
Isa;21
Matheus;21
Tauri;21
Sami-Jussi;21
Lari-Matti;21
Leo-Pekka;21
Yaw;21
Ollimatti;21
Jalal;21
Khanh;21
Esajas;21
Veli-Pentti;21
Juho-Oskari;21
Hans-Göran;21
Jere-Matti;21
Joosia;21
Eskeli;21
Liiban;21
Mikaelsson;21
Phat;21
Ram;21
Lotfi;21
Agim;21
Wäinämö;21
Khan;21
Kien;21
Pohto;21
Rodney;21
Egzon;21
Rocco;21
Todd;21
Niro;21
Upi;21
Marko-Tapani;21
Zakari;21
Abdillahi;21
Carl-Göran;21
Aleksinpoika;21
Ebenhard;21
Timo-Matti;21
Tomsson;21
Abdirisaq;21
Marino;21
Nils-Eric;21
Anttijussi;21
Bradley;21
Sang;21
Kwame;21
Rocky;21
Sabri;21
Yan;21
Zakariye;21
Sándor;21
Bekim;21
Ilves;20
Reni;20
Trevor;20
Carsten;20
Kaj-Mikael;20
Yoonis;20
Vili-Verneri;20
Birgersson;20
Joackim;20
Latif;20
Aape;20
Indrek;20
Jafar;20
Mitchell;20
Ewan;20
Damir;20
Aldin;20
Eelovi;20
Kalevinpoika;20
Ka;20
Warsame;20
Dang;20
Etienne;20
Stanislaw;20
Aweis;20
Dexter;20
Roomeo;20
Eldin;20
Jaarli;20
Juusonpoika;20
Ruu;20
Väinämöinen;20
Akbar;20
Tadeusz;20
Toby;20
Toive;20
Serafim;20
Baris;20
Jeriko;20
Tancred;20
Olli-Mikko;20
Hannu-Heikki;20
Gholam;20
Wilfred;20
Marko-Juhani;20
Ignacio;20
Mustaf;20
Adriano;20
Kari-Jukka;20
Matt;20
Panunpoika;20
Leroy;20
Péter;20
Ilhan;20
Carl-Anton;20
Ilkka-Kristian;20
Joan;20
Otonpoika;20
Ville-Hermanni;20
Sirwan;20
Tao;20
Velimies;20
Kanerva;20
Grels;20
Alen;20
Onnimanni;20
Kareem;20
Danila;20
Tarmonpoika;20
Dany;20
Micky;20
Boy;20
Gregor;20
Hemi;20
Eino-Pekka;20
Emrah;20
Hatem;20
Jan-Olav;20
Rafik;20
Olli-Ville;20
Nietos;20
Rodolfo;20
Kouta;20
Pascal;20
Mete;20
Albion;20
Amit;20
Enso;20
Robinson;20
Carl-Anders;20
Kaaleppi;20
Keijonpoika;20
Matti-Jussi;20
Mischa;20
Jakub;20
Yuusuf;20
Hicham;20
Fidel;20
Lowe;20
Bin;20
Aramis;20
Juha-Jaakko;20
Blake;20
Uriel;20
Domenico;20
Seif;20
Clark;20
Shane;20
Tamer;20
Natan;20
Anis;20
Juho-Kusti;20
Damon;20
Rodion;20
Pami;19
Ville-Aleksi;19
Demir;19
Elsayed;19
Mickey;19
Süleyman;19
Antonis;19
Abbe;19
Amiin;19
Ferenc;19
Jan-Sebastian;19
Timka;19
Raffaele;19
Andrè;19
Béla;19
Ardian;19
Pawel;19
Aleksandros;19
Tommo;19
Duncan;19
Vittorio;19
Isaiah;19
Nipa;19
Marcello;19
Sakeus;19
Teemu-Petteri;19
Muhamad;19
Yussuf;19
Göransson;19
Sidney;19
Set;19
Vellu;19
Jesus;19
Rohan;19
Miro-Matias;19
Rogert;19
Hamse;19
Erkki-Juhani;19
Gudmund;19
Yu;19
Fahad;19
Jahn;19
Ansio;19
Jere-Matias;19
Niilonpoika;19
Ari-Mikko;19
Atos;19
Carl-Wilhelm;19
Venner;19
Caro;19
Alireza;19
Chun;19
Hashi;19
Kalle-Juhani;19
Karl-Anton;19
Vento;19
Juho-Tuomas;19
Torkel;19
Iko;19
Edin;19
Hille;19
Muse;19
Ebrima;19
Johan-Erik;19
Malek;19
Mohamoud;19
Amandus;19
Noël;19
Cajus;19
Hamdi;19
Abdimalik;19
Kit;19
Nhut;19
Jaber;19
Cevin;19
Esapekka;19
Teljo;19
Iisai;19
Jeemi;19
Jooas;19
Frederic;19
Akim;19
Teijonpoika;19
Jofiel;19
Luc;19
Abdulle;19
Kasten;19
Allari;19
Kalle-Ville;19
Tai;19
Jan-Ola;19
Vili-Veikka;19
Kelvin;19
Youcef;19
Geir;19
Soni;19
Antti-Mikael;19
Spencer;19
Kai-Pekka;19
Fionn;19
Per-Göran;19
Hassen;19
Kaimo;19
Jesse-Petteri;19
Xander;18
Haji;18
Andrzej;18
Knutsson;18
Sabir;18
Hunter;18
Abdulkarim;18
Khoa;18
Prasad;18
Antti-Jaakko;18
Joona-Petteri;18
Esu;18
Grant;18
Kieran;18
Utria;18
Yosef;18
Nikos;18
Almer;18
Mano;18
Onni-Kalle;18
Mikaël;18
Zaki;18
Teemu-Pekka;18
Sakunpoika;18
Abdelkader;18
Bo-Anders;18
Mikko-Oskari;18
Rui;18
Fahim;18
Ayhan;18
Arkadi;18
Kalev;18
Rafi;18
Peeti;18
Tommi-Petteri;18
Dai;18
Najib;18
Bengtsson;18
João;18
Collin;18
Demian;18
Arkan;18
Patricio;18
Marno;18
Wojciech;18
Dima;18
Eden;18
Vanja;18
Akke;18
Lajos;18
Junno;18
Jan-Emil;18
Henrikinpoika;18
Juho-Mikko;18
Jari-Heikki;18
Timo-Petteri;18
Mansour;18
Maks;18
Rebwar;18
Shaun;18
Ezekiel;18
Lambert;18
Antamo;18
Abdelkarim;18
Eelia;18
Adrien;18
Veijonpoika;18
Ambrosius;18
Ebrahim;18
Elie;18
Asto;18
Firas;18
Fingal;18
Min;18
Abdishakur;18
Günter;18
Sven-Åke;18
Gottfried;18
Matvey;18
Väiski;18
Jan-Patrik;18
Kallas;18
Kalle-Eemeli;18
Torstensson;18
Fedja;18
Ansgarius;18
Timo-Tapio;18
Sven-Ole;18
Logan;18
Juuso-Pekka;18
Nataniel;18
Cary;18
Barry;18
Kiet;18
Ilkka-Pekka;18
Nehemia;18
Tane;18
Dirk;18
Yassine;18
Jimmi;18
Theodoros;18
Taylor;18
Emad;18
Kari-Jussi;18
Vesamatti;18
Eemili;18
Dariush;18
Gabriele;18
Mika-Juhani;18
Georgy;18
Auku;18
Valon;18
Muhsin;18
Cristopher;18
Raed;17
Piera;17
Rupert;17
Amadou;17
Giulio;17
Maksimilian;17
Jibril;17
Hilpi;17
Esra;17
Valmari;17
Ari-Ville;17
Arwid;17
Kie;17
Sadiq;17
Bo-Johan;17
Quan;17
Tawan;17
Jaafar;17
Jesse-Pekka;17
Alpert;17
Cyril;17
Emeka;17
Jude;17
Yousuf;17
Claudius;17
Dimitris;17
Ropi;17
Adalbert;17
Zion;17
Clarence;17
Cole;17
Félix;17
Toan;17
Aaronpoika;17
Gaston;17
Toni-Markus;17
Immu;17
Panagiotis;17
Jaripekka;17
Umar;17
Ville-Jussi;17
Artan;17
Kosmos;17
Jehki;17
Axeli;17
Tamás;17
Cristofer;17
Mertzi;17
Sigismund;17
Jawad;17
Mourad;17
Leonpoika;17
Petu;17
Casmir;17
Karl-Fredrik;17
Suleyman;17
Eetvi;17
Reine;17
Samuele;17
Onni-Matti;17
Ukkopekka;17
Ville-Pertti;17
Villematti;17
Repe;17
Campbell;17
Noé;17
Kaaprieli;17
Pär-Erik;17
Mats-Johan;17
Harding;17
Josias;17
Babak;17
Arndt;17
Hagi;17
Kristof;17
Kössi;17
Tiago;17
Dilan;17
Paris;17
Mursal;17
Aato;17
Berk;17
Besnik;17
Hari;17
Sorjo;17
Jonte;17
Kajus;17
Salar;17
Ari-Veikko;17
Alonso;17
Arben;17
Martinus;17
Abdullaahi;17
Oska;17
Helmuth;17
Ikenna;17
Randy;17
Åkesson;17
Markku-Juhani;17
Bujar;17
Pavlos;17
Ignatius;17
Lars-Ole;17
León;17
Righard;17
Oski;17
Villeveikko;17
Kajo;17
Mikhael;17
Rami-Pekka;17
Cian;17
Wilton;17
Joao;17
Oulas;17
Jöran;17
Eben;17
Josse;17
Kaarne;17
Willi;17
Peikko;17
Alois;17
Obinna;17
Erko;17
Josiah;17
Quentin;17
Vasily;17
Abdulqadir;17
Ekke;16
Ege;16
Wen;16
Cengiz;16
Jayson;16
Abdukadir;16
Duong;16
Joaquim;16
Laurence;16
Arin;16
Nour;16
Eberhard;16
Hany;16
Nesta;16
Arviid;16
Jocke;16
Tyson;16
Ejnar;16
Sturle;16
Hermes;16
Fenix;16
Aabram;16
Aarnenpoika;16
Lex;16
Mathieu;16
Richardo;16
Serdar;16
Christiaan;16
Jan-Robert;16
Raj;16
Mounir;16
Niko-Petri;16
Otto-Oskari;16
Torgny;16
Aris;16
Firat;16
Iqbal;16
Putte;16
Aivar;16
Ion;16
Joannis;16
Sascha;16
Brett;16
Meo;16
Vänni;16
Man;16
Arto-Pekka;16
Jens-Erik;16
Gavin;16
Joni-Juhani;16
Okan;16
Ghassan;16
Seán;16
Simo-Petteri;16
Seet;16
Bengt-Johan;16
Shahid;16
Abdirahmaan;16
Jusuf;16
Markku-Pekka;16
Soran;16
Ario;16
Karam;16
Klemens;16
Martino;16
Lars-Anders;16
Bennet;16
Ugur;16
Maximiliam;16
Sergej;16
Abdiweli;16
Veli-Kalle;16
Joni-Mikael;16
Maximo;16
Akif;16
Alrik;16
Lars-Gunnar;16
Luuka;16
Nuri;16
Santero;16
Abdiwali;16
Gottlieb;16
Iman;16
Aadi;16
Dale;16
Byron;16
Atef;16
Veli-Hannu;16
Yaroslav;16
Mason;16
Pieter;16
Haydar;16
Ekrem;16
Phu;16
Krishna;16
Dietrich;16
Jasim;16
Arssi;16
Bülent;16
Shire;16
Juha-Erkki;16
Samu-Ville;16
Hilpas;16
Kunnar;16
Ville-Sakari;16
Bengt-Olof;16
Savva;16
Ehsan;16
Teponpoika;16
Anttipekka;16
Age;16
Armend;16
Sebastián;16
Karl-Emil;16
Kai-Eerik;16
De;16
Noak;16
Rae;16
Lars-Ove;16
Lars-Peter;16
Agathon;16
Elieser;16
Juho-Kalle;16
Meelis;16
Örnulf;16
Ville-Vesa;16
Antti-Jukka;16
Anakin;16
Lauri-Juhani;16
Petri-Juhani;16
Odd;16
Mir;16
Sunny;16
Maxi;16
Munir;16
Issa;16
Jarkko-Pekka;16
Almir;16
Petar;15
Erdal;15
Alvian;15
Hedi;15
Bajram;15
Andersson;15
Jesse-Joonas;15
Sid;15
Tatu-Matti;15
Benno;15
Eeno;15
Jari-Markus;15
Bekir;15
Emiel;15
Raman;15
Simi;15
Cooper;15
Markkus;15
Ilponpoika;15
Alaa;15
Aku-Ville;15
Abdulgadir;15
Pedram;15
Volkan;15
Saleban;15
Yakup;15
Kamu;15
Masud;15
Renato;15
Juniori;15
Qasim;15
Ivanov;15
Tuomaksenpoika;15
Adolfo;15
Rauf;15
Deng;15
Edoardo;15
Momodou;15
Vanamo;15
Kaj-Gustav;15
Jian;15
Sameer;15
Andriy;15
Shwan;15
Pertunpoika;15
Ziad;15
Semir;15
Juhannes;15
Karl-Kristian;15
Wing;15
Rebin;15
Rinor;15
Jacek;15
Rida;15
Alonzo;15
Clement;15
Carl-Michael;15
Fadel;15
Kwabena;15
Saamuel;15
Bernardo;15
Iipo;15
Senad;15
Sofiane;15
Juha-Veli;15
Kamel;15
Wilhard;15
Toni-Matti;15
Ilmarinen;15
Sami-Antti;15
Davy;15
Jari-Antti;15
Zoltan;15
Magnusson;15
Gunhard;15
Toni-Petri;15
A.;15
Saki;15
Jesaja;15
Masoud;15
Edel;15
Wali;15
Istvan;15
Mihai;15
Peteri;15
Albanus;15
Kuno;15
Lothar;15
Raad;15
Vesa-Veikko;15
Besim;15
Gregorio;15
Hans-Christian;15
Htoo;15
Juusa;15
Ransu;15
Heikki-Matti;15
M;15
Mahmut;15
Kiri;15
Ares;15
Mihku;15
Erkka-Pekka;15
Paul-Henrik;15
Mishka;15
Aki-Petri;15
Rahul;15
Morad;15
Abdelrahman;15
Jobi;15
Vinha;15
Marttin;15
Santos;15
Lassinpoika;15
Ykä;15
Bashiir;15
Make;15
Krisse;15
Erkki-Pekka;15
Khalif;15
Erfan;15
Sepastian;15
Fikret;15
Yonatan;15
Safet;15
Yacine;15
Olofsson;15
Tin;15
Perttyli;15
Nghia;15
Noeli;15
Valdo;15
Thorsten;15
Áron;15
Arte;15
Idor;15
Sylvain;15
Finlay;15
Veli-Jaakko;15
Arton;15
Yilmaz;15
Anatoly;15
Heikki-Tapio;15
Roderick;15
Jermo;15
Araz;15
Mattus;15
Salo;15
Majed;15
Toni-Mikael;15
Mika-Markus;15
Grigory;15
Moustafa;15
Walton;15
Abderrahim;15
Alef;15
Jani-Mikael;15
Kingsley;15
Tran;15
Juha-Tapani;15
Roberth;15
Kwaku;15
Aman;15
Eros;15
Panu-Pekka;15
Roki;15
Jani-Juhani;15
Sabit;15
Hjalte;15
Muharrem;15
Kadhim;15
Vilpert;15
Ihsan;15
Bobby;15
Onerva;15
Osmonpoika;15
Salmaan;15
Ho;15
Buster;15
Faris;15
Tonny;15
Miiku;15
Batu;15
Axu;14
Didier;14
Stig-Ole;14
Ilyes;14
Ortamo;14
Visa-Pekka;14
Mac;14
Humberto;14
Jukka-Tapani;14
Kaj-Johan;14
Onni-Ilmari;14
Tomer;14
Ingo;14
Nazar;14
Antti-Tapio;14
Pette;14
Cody;14
Hansi;14
Uddin;14
Vesa-Tapio;14
Augustinus;14
Yavuz;14
Ghulam;14
Teoman;14
Iro;14
Margo;14
Anttoo;14
Saber;14
Utu;14
Alexsanteri;14
Ozan;14
Marley;14
Riley;14
Jann;14
Auli;14
Orjo;14
Toni-Kristian;14
Leijonamieli;14
Tarkan;14
Amr;14
Anatolij;14
Mesut;14
Miika-Markus;14
Bassam;14
Elyas;14
Finley;14
Reinonpoika;14
Vi;14
Vicktor;14
Richart;14
Filipe;14
Benja;14
Haitham;14
Ryszard;14
Talib;14
Avni;14
Kojo;14
Chau;14
Antti-Mikko;14
Guy-Erik;14
Marcin;14
Thord;14
Cassius;14
Wahab;14
Jon-Erik;14
Saveli;14
Leandro;14
Jacobus;14
Sameh;14
Melchior;14
Aki-Jussi;14
Nils-Henrik;14
Jean-Paul;14
Edon;14
Raivo;14
Romano;14
Ville-Tapio;14
Heiner;14
Cao;14
Villemarkus;14
Kassius;14
Jusef;14
Vitalis;14
Abdirazak;14
Ilarinpoika;14
Juhomatti;14
Vernon;14
Esamatti;14
Sardar;14
Veli-Erkki;14
Arlo;14
Cyrus;14
Sharmarke;14
Saku-Matti;14
Viimo;14
Ilan;14
Pena;14
Sakkeus;14
Jallu;14
Leif-Johan;14
Josu;14
Krzysztof;14
Tu;14
Zeb;14
Antonino;14
Alaric;14
Arion;14
Hugh;14
San;14
Timo-Tapani;14
Doni;14
Nico-Petteri;14
Pehr-Olof;14
Storm;14
Aras;14
Erkki-Jussi;14
Piko;14
Sina;14
Kai-Juhani;14
Steffen;14
Bedri;14
Jari-Tapio;14
Jie;14
Kaj-Henrik;14
Ishak;14
Kang;14
Ossi-Petteri;14
Usama;14
Joonaksenpoika;14
Asif;14
Yang;14
Mihhail;14
Dawit;14
Lars-Mikael;14
Kuu;14
Harro;14
Ensar;14
Zackarias;14
Pjotr;14
Timo-Jukka;14
Magne;14
Ville-Verneri;14
Turjo;14
Abdellatif;14
Perry;14
Chukwuemeka;14
Janko;14
Matti-Oskari;14
Kaj-Gunnar;14
Vallu;14
Jhonny;14
Semen;14
Carlsson;14
Samer;14
Huima;14
Jonttu;14
Lucius;14
Ulf-Peter;14
Gael;14
Muuse;14
Oktay;14
Ruurik;14
Benito;14
Antti-Olavi;14
Aly;14
Rai;14
Alistair;14
Juha-Mikael;14
Ulfsson;14
Jeton;13
Weli;13
Haron;13
Kalle-Veikko;13
Olli-Tapio;13
Abdoulie;13
Ralf-Erik;13
Vikki;13
Semih;13
Jarl-Olof;13
Abid;13
Lucian;13
Dogan;13
Auri;13
Conor;13
Öjvind;13
Aihe;13
Antti-Matias;13
Sikstus;13
Tommi-Pekka;13
Hans-Henrik;13
Lars-Gustav;13
Sefania;13
Liekki;13
S.;13
Ananda;13
Henrick;13
Bo-Gustav;13
Anse;13
Hien;13
Ilir;13
Alwan;13
Gani;13
Yohannes;13
Ben-Erik;13
Otto-Emil;13
Timon;13
Wisam;13
Art;13
Husam;13
Esa-Tapio;13
Asterix;13
Ebenezer;13
Martti-Mikael;13
Arpia;13
Egert;13
Arie;13
Boes;13
César;13
Waleed;13
Antti-Einari;13
Gino;13
Marko-Mikael;13
Ville-Tapani;13
Matsson;13
Faton;13
Usman;13
Samba;13
Juha-Pertti;13
Olli-Antti;13
Joah;13
Villepekka;13
Eijo;13
Henkka;13
Giorgio;13
Aldur;13
Jannik;13
Linh;13
Rolf-Erik;13
Teofiilus;13
Eetu-Matti;13
Siinto;13
Lennox;13
Tero-Petteri;13
Aso;13
Nehemias;13
Miitrei;13
Timo-Jussi;13
Hiwa;13
Kyöstinpoika;13
Topi-Matti;13
Eddi;13
Matthieu;13
Onni-Petteri;13
Tian;13
Ümit;13
Niillas;13
Abdulaziz;13
Saeid;13
Modou;13
Ila;13
Kader;13
Bjørn;13
Csaba;13
Jari-Jussi;13
Ellis;13
Mehran;13
Hamish;13
Olli-Oskari;13
Tempo;13
Onnipekka;13
Jesse-Juhani;13
Joona-Pekka;13
Kim-Johan;13
Mara;13
Muhiadin;13
Raiko;13
Joppe;13
Antrea;13
Eetu-Ville;13
Nandor;13
Henrynpoika;13
Ollie;13
Rory;13
Aleksanter;13
Petersson;13
Herrick;13
Willhard;13
Iiro-Pekka;13
Randolf;13
Roihu;13
Taunonpoika;13
Per-Ove;13
Jino;13
Fridolin;13
Tuong;13
Karan;13
Hashem;13
Tuukanpoika;13
Yuri;13
Heikka;13
Karipekka;13
Alpin;13
Jouni-Matti;13
Otro;13
Leanteri;13
Rasheed;13
Eka;13
Henrique;13
Ele;13
Levent;13
Väinönpoika;13
Rain;13
Folkern;13
Sanjay;13
Win;13
Reuben;13
Amaru;13
Karhu;13
Carl-Emil;13
Enrik;13
Christo;13
Carmelo;13
Achilles;13
Villem;13
Nahuel;13
Kasem;13
Stewart;13
Mohan;13
Vasilios;13
Caesar;13
Einonpoika;13
Hamzah;13
Sven-Eric;13
Ousman;13
Sattar;13
Maarten;13
Otto-Eemeli;13
Reo;13
Ville-Tuomas;13
Bahman;13
Chung;13
Kami;13
Esam;13
Besart;13
Juho-Eemil;13
Kalid;13
Mentor;13
Esa-Jussi;13
Gerd;13
Casperi;13
Esa-Petri;13
Amiel;13
Juho-Erik;13
Halvar;13
Etvi;13
Jael;13
Jurva;13
Jasmin;13
Chandra;13
Håkansson;13
Patu;13
Merri;13
Niklaus;13
Per-Ola;13
Arkko;13
Eewert;13
Gonzalo;13
Teri;13
Tero-Tapio;13
Anastasios;13
Arbnor;13
Kim-Henrik;13
Henri-Mikael;13
Jasir;13
Kaaperi;13
Abdelmajid;13
Vedat;12
Aret;12
Christiano;12
Bo-Gunnar;12
Frits;12
Juho-Veikko;12
Master;12
Marinus;12
Mowlid;12
Marko-Petteri;12
Olliver;12
Soheil;12
Siivertti;12
Jekku;12
Behzad;12
Kaj-Kristian;12
Sony;12
Suune;12
Lembit;12
Ellert;12
Eugenio;12
Auvonpoika;12
Jani-Kristian;12
Jontte;12
Zana;12
Saulinpoika;12
Tyyko;12
Ville-Veli;12
Juha-Markku;12
Liang;12
Antti-Ilari;12
Kaaleb;12
Vesseli;12
Shayan;12
Veli-Antero;12
Nyrki;12
Shaker;12
Anil;12
Nael;12
Agostino;12
Stian;12
Hayder;12
Jari-Mikko;12
Wael;12
Zaid;12
Arild;12
Maurizio;12
Matti-Veikko;12
Akam;12
Donatus;12
Muscab;12
Velinpoika;12
Thobias;12
Hilmi;12
Mansur;12
Oleksandr;12
Raza;12
Samo;12
Agron;12
Asse;12
Mikaelinpoika;12
Tawfik;12
Veli-Tuomas;12
Roope-Oskari;12
Franck;12
Jyri-Petri;12
Matti-Esko;12
Platon;12
Nadim;12
Jaspar;12
Mikolas;12
Petri-Mikael;12
Nabeel;12
Simone;12
Jere-Juhani;12
Joni-Kristian;12
Mika-Erik;12
Selmi;12
Kaarl;12
Moussa;12
Masood;12
Thiago;12
Alieu;12
Jico;12
Veeli;12
Vexi;12
Adonis;12
Melik;12
Kaarel;12
Pether;12
Thorleif;12
Arttu-Eemeli;12
Fitim;12
Juho-Aleksi;12
Marko-Pekka;12
Alje;12
Petrov;12
Jia;12
Joopi;12
Wladyslaw;12
Abdelhamid;12
Nooke;12
Paju;12
Gábor;12
Manunpoika;12
Mikka;12
Santi;12
Hiep;12
Assari;12
Taoufik;12
Jan-Martin;12
Hesham;12
Zebastian;12
Gökhan;12
John-Eric;12
Atte-Oskari;12
Jan-Fredrik;12
Simo-Samuli;12
Nazir;12
Mihkal;12
Udo;12
Anthoni;12
Dome;12
Emrik;12
Iiska;12
Tanel;12
Ashton;12
Yahia;12
Kushtrim;12
Ilija;12
Kaveh;12
Rainerinpoika;12
Janne-Markus;12
Lassi-Matti;12
Wladimir;12
Ghazi;12
Kultimo;12
Signar;12
Mokhtar;12
Andrus;12
Asaad;12
Auer;12
Jari-Juha;12
Aurinko;12
Guillaume;12
Teppana;12
Karl-August;12
Teuvonpoika;12
Christiansson;12
Emmanuil;12
Hoai;12
Timo-Heikki;12
Arlind;12
Joona-Matias;12
Nickolas;12
Danel;12
Martimo;12
Ikechukwu;12
Jakim;12
Öyvind;12
Rhys;12
Anseli;12
Elwin;12
Arber;12
Falah;12
Randolph;12
Ruska;12
Kiminpoika;12
Migael;12
Reno;12
Kalle-Valtteri;12
Filiph;12
Jussi-Heikki;12
Juha-Tuomas;12
Vyacheslav;12
Ari-Juha;12
Saleem;12
Wenzel;12
Willjam;12
Fox;12
Agustin;12
Hilari;12
Germund;12
Ibn;12
Nic;12
Muhumed;12
Nihat;12
Janis;12
Carl-Oskar;12
Nhan;12
Mirsad;12
Arri;12
Emran;12
Jasmo;12
Mitjo;12
Peetro;12
Abas;12
Wibe;12
Bile;12
Khac;12
Bertelsson;12
Rikumatti;12
Kettil;12
Rostislav;12
Randall;12
Vaalimo;12
Emel;12
Toni-Tapio;12
Kalle-Kustaa;12
Denny;12
Jarek;12
Luucas;12
Hamze;12
Luiz;12
Eera;12
Hayden;12
Imraan;12
Kjell-Ove;12
Akil;12
Meir;12
Zahir;12
Joaquin;12
Ruupert;12
Mubashir;12
Casey;12
Lamine;12
Jochum;12
Abdihamid;12
Granit;12
Jussi-Mikko;12
Eero-Veikko;12
Lin;12
Anand;11
Halim;11
Din;11
Niko-Kristian;11
Saulus;11
Yaseen;11
Declan;11
Kiran;11
Gennady;11
Gérard;11
Lare;11
Jannu;11
Karzan;11
Miro-Petteri;11
Nevzat;11
Amadeo;11
Ramil;11
Miikka-Matias;11
Márton;11
Onni-Elmeri;11
Savas;11
Siro;11
Tomi-Matti;11
Ugochukwu;11
Jani-Jukka;11
Vasama;11
Vesa-Valtteri;11
Jan-Stefan;11
Tomppa;11
Indigo;11
Jorgos;11
Ozzy;11
Rainier;11
Marat;11
Nante;11
Jaroslaw;11
Tibor;11
Pau;11
Dániel;11
Kwok;11
Gian;11
Jimy;11
Tor-Alf;11
Yaqub;11
Pan;11
Huvi;11
Kaj-Ole;11
Leart;11
Othman;11
Camillo;11
Oren;11
Fuaad;11
Aapel;11
Eetvart;11
Hamad;11
Ennio;11
Muhannad;11
Adrián;11
Knuut;11
Najim;11
Blerim;11
Emilian;11
Quy;11
Veli-Matias;11
Sayd;11
Dardan;11
Efosa;11
Rebaz;11
Jeremie;11
Jori-Matti;11
Sami-Kristian;11
Arsen;11
Jusse;11
Sarmad;11
Vesa-Mikko;11
Salu;11
Enar;11
Thor-Björn;11
Avraham;11
Vinsent;11
Otieno;11
Sohrab;11
Aren;11
Larbi;11
Ibraahim;11
Kostian;11
Samsa;11
Otto-Petteri;11
Aapo-Matti;11
Miika-Matti;11
Jussi-Joonas;11
Tankred;11
Maunus;11
Eilert;11
Jyrki-Pekka;11
Urbanus;11
Ihab;11
Arttu-Oskari;11
Aurel;11
Rolfsson;11
Kert;11
Mika-Tapio;11
Kapriel;11
Olli-Kalle;11
Bart;11
Jerenpoika;11
Jericho;11
Louie;11
Dimi;11
Jerico;11
Kille;11
Andree;11
Anshelmi;11
Dan-Olof;11
Beni;11
Gazmend;11
Abdiwahab;11
Kebba;11
Simo-Santeri;11
Jan-Henry;11
Herpertti;11
Sadi;11
Ranjit;11
Evind;11
Sun;11
Abdou;11
Bashar;11
Engin;11
Iivana;11
Rowan;11
Aslakki;11
Onervo;11
Athanasios;11
Dong;11
Laszlo;11
Miika-Petteri;11
Matti-Tapio;11
Aappi;11
Ingmarsson;11
Leo-Matti;11
Farouk;11
Bengt-Göran;11
Fatah;11
Jace;11
Namir;11
Yaxye;11
Erni;11
Augustine;11
Bo-Håkan;11
Tini;11
Vilkku;11
Mika-Tapani;11
Jonnenpoika;11
Visa-Matti;11
Jaakko-Matti;11
Nils-Gustav;11
Khaalid;11
Chan;11
Visar;11
Florent;11
Kalle-Markus;11
Veele;11
Alon;11
Moshe;11
Mikkeli;11
Topi-Pekka;11
Vinsentti;11
Loui;11
Penja;11
Berthold;11
Geronimo;11
Ravi;11
Tayfun;11
Ville-Mikael;11
Hamilton;11
Timo-Veikko;11
Valentine;11
Kamau;11
Kai-Petri;11
Gamal;11
Aristoteles;11
J;11
Kaarlonpoika;11
Juha-Martti;11
Karri-Pekka;11
Sergiy;11
Steffan;11
Esko-Juhani;11
Gunnarson;11
Émil;11
Waldo;11
Avi;11
Lulzim;11
Oso;11
Rock;11
Seikko;11
Tong;11
Bosson;11
Albiinus;11
Zakarie;11
Rey;11
Harris;11
Apollon;11
Wah;11
Mikko-Tapio;11
Daan;11
Navid;11
Juuso-Matias;11
Omed;11
Earl;11
Yoel;11
Anttony;11
Emanuele;11
Sipo;11
Jari-Veikko;11
Lei;11
Jotaarkka;11
Nii;11
Jarkko-Juhani;11
Sankari;11
Kari-Veikko;11
Jesse-Matias;11
Gillis;11
Jan-Roger;11
Tuli;11
Zaya;11
Siim;11
Niikko;11
Tex;11
Ari-Tapani;11
Rasim;11
Revontuli;11
Tatunpoika;11
Veli-Viljami;11
Taras;11
Kastriot;11
Lahcen;11
Haci;11
Atanas;11
Tom-Johan;11
Simo-Matti;11
Kain;11
Gianni;11
Koda;11
Henriksson;11
Eyal;11
Nio;11
Haroun;11
Jin;11
Rei;11
Roshan;11
Edison;11
Kari-Antti;11
Jonne-Pekka;11
Sead;11
Vahid;11
Teutori;11
Yaser;11
Karrinpoika;11
Moalim;11
Maininki;11
Miko-Matias;11
Sunil;11
Chinedu;11
Fathi;11
Vilius;11
Emmett;11
Nils-Åke;11
Vesa-Antti;11
Jaapo;11
Talvi;11
Johanni;11
Ilai;11
Villy;11
Esmail;11
Klaus-Erik;11
Orma;11
Jarimatti;11
Kim-Peter;11
Levente;11
Pave;11
Jemil;10
Jukka-Antero;10
Einojuhani;10
Eyvind;10
Vitaliy;10
Abdulhamid;10
Edwart;10
Everi;10
Gianluca;10
Volodymyr;10
Antti-Olli;10
Lorik;10
Eldar;10
Ekko;10
Even;10
Kadri;10
Nero;10
Roo;10
Anssi-Petteri;10
Sefer;10
Topinpoika;10
Toralf;10
Fares;10
Jahangir;10
Kaapre;10
Seppo-Ilmari;10
Abdelghani;10
Bailey;10
Dastan;10
Seve;10
Yoav;10
Benn;10
Iker;10
Jonathon;10
Quinn;10
Stellan;10
Samiel;10
Edson;10
Endrit;10
Ragnarsson;10
Adnaan;10
Ánte;10
Daoud;10
Faik;10
Raja;10
Zoran;10
Gil;10
Antti-Sakari;10
Arje;10
Nizar;10
Orson;10
Almar;10
Teudor;10
Hillervo;10
Akunpoika;10
Eiric;10
Santtu-Pekka;10
Esbjörn;10
Rautia;10
Agon;10
Asher;10
Bakhtiar;10
Carson;10
Tahar;10
Gregori;10
Mihka;10
Sahin;10
Samatar;10
Toivonpoika;10
Dimitrij;10
Karimatti;10
Optatus;10
Iljas;10
Mikko-Samuli;10
Okke;10
Flego;10
Leif-Åke;10
Zafer;10
Phung;10
Samponpoika;10
Diako;10
Erjo;10
Eeles;10
Uskali;10
Yuan;10
Callum;10
Arimatti;10
Cihan;10
Eber;10
Gabor;10
Hartvig;10
Kane;10
Mamdouh;10
Miclas;10
Puja;10
Raúl;10
Roni-Petteri;10
Yukio;10
Aleksey;10
Hannu-Tapio;10
Marshall;10
Dalton;10
Sulayman;10
Akatius;10
Amani;10
Guennadi;10
Ayad;10
Woitto;10
Widar;10
Laine;10
Niko-Joonas;10
Sai;10
Köpi;10
Jussi-Tuomas;10
Jussi-Ville;10
Eero-Oskari;10
Fredrikki;10
Kid;10
Suhaib;10
Zuhair;10
Aimonpoika;10
Ants;10
Bahram;10
Zsolt;10
Arpo;10
Hafidh;10
Ingbert;10
Kim-Mikael;10
Mamadou;10
Shakir;10
Aapa;10
Anatole;10
Floyd;10
Abdihakin;10
Khamis;10
Barham;10
Bo-Henrik;10
Klaes;10
Yong;10
Jad;10
Fjodor;10
Kweku;10
Toivi;10
Olli-Matias;10
Bashkim;10
Sami-Mikael;10
Gustav-Adolf;10
Ashley;10
Amatus;10
Alawi;10
Fehmi;10
Pauli-Petteri;10
Phoenix;10
Cédric;10
Gusten;10
Maunonpoika;10
Maximilien;10
Eleasar;10
Somchai;10
Iironpoika;10
Yusef;10
Boleslaw;10
Thierry;10
Rémi;10
Erhan;10
Juho-Kustaa;10
Sefanja;10
Kaipio;10
Keanu;10
Eelu;10
Josep;10
Vellamo;10
Ike;10
Jerkka;10
Kwesi;10
Serko;10
Jori-Petteri;10
Abdisamad;10
Anouar;10
Ledion;10
Nadeem;10
Osse;10
Sere;10
Tom-Peter;10
Eliott;10
Ty;10
Wyatt;10
Neko;10
Edil;10
Jussi-Tapio;10
Miliam;10
Blue;10
Lancelot;10
Timy;10
Nedim;10
Oo;10
Tate;10
Leone;10
Toto;10
Börjesson;10
António;10
Collins;10
Pär-Olof;10
Alku;10
Claes-Göran;10
Lari-Petteri;10
Raif;10
Teno;10
Seamus;10
Ayden;10
Maltti;10
Tervo;10
Tapsa;10
Ilmarinpoika;10
Nilsson;10
Juho-Joonas;10
Saabir;10
Ayrton;10
Antonin;10
Erdem;10
Stefansson;10
Li;10
Nhu;10
Ramón;10
Veli-Seppo;10
Niko-Markus;10
Vasilis;10
Rashed;10
Ronin;10
Abdinur;10
Pål;10
Janusz;10
Tero-Tapani;10
Tyrsky;10
Andaras;10
Matte;10
Ludovic;10
Mikkal;10
Isma;10
Dimitar;10
Farzad;10
Muzaffer;10
Abdulaahi;10
Deni;10
Sebastiano;10
Topi-Petteri;10
Kyrö;10
Jyväs;10
Ener;10
Dara;10
Domingo;10
Torstenson;10
Samet;10
Badal;10
Feeti;10
Fuat;10
Saiid;10
Timofey;10
Valerio;10
Erne;10
Jarkka;10
Thong;10
Vilkko;10
Manolis;10
Gheorghe;10
Veli-Sakari;10
Willie;10
Abderrahman;10
Mika-Antti;10
Uku;10
Uule;10
Fredi;10
Osmi;10
Seyyed;10
Clemens;10
Bilaal;10
Carl-Victor;10
Siimoni;10
Akselinpoika;10
Elio;10
Khalaf;10
Niko-Matias;10
Dmitriy;10
Emerson;10
Morits;10
Ville-Martti;10
Will;10
Atte-Pekka;10
Mika-Kristian;10
Isman;10
Nabi;10
Patrikki;10
Niko-Ville;10
Preston;10
Yrjö-Pekka;10
Tamim;10
Atik;10
Heikki-Jussi;10
Janne-Veikko;10
Alpha;10
Fevzi;10
Joonis;10
Kwan;10
Mariwan;10
Till;10
Giacomo;10
Abiodun;10
Fawzi;10
Ile;10
József;10
Mateusz;10
Aadel;10
Henri-Matias;10
Iiwari;10
Fadhil;10
Flavio;10
Olli-Jukka;10
Eino-Veikko;10
Mikko-Jussi;10
Everett;10
Ari-Tapio;10
Simo-Heikki;10
Eelo;10
Jabar;10
Mika-Matias;10
Tudor;10
Vsevolod;10
Valeriy;10
Badr;10
Ludvik;10
Younis;10
Zeki;10
